
--
-- Database backup generated by ExpressionEngine
--

SET @OLD_SQL_MODE=@@SQL_MODE, SQL_MODE='NO_AUTO_VALUE_ON_ZERO';
SET @OLD_TIME_ZONE=@@TIME_ZONE;
SET TIME_ZONE='+00:00';
SET NAMES utf8mb4;
SET @OLD_UNIQUE_CHECKS=@@UNIQUE_CHECKS, UNIQUE_CHECKS=0;
SET @OLD_FOREIGN_KEY_CHECKS=@@FOREIGN_KEY_CHECKS, FOREIGN_KEY_CHECKS=0;
SET @OLD_SQL_NOTES=@@SQL_NOTES, SQL_NOTES=0;

--
-- Drop old tables if exists
--

DROP TABLE IF EXISTS `exp_actions`;
DROP TABLE IF EXISTS `exp_captcha`;
DROP TABLE IF EXISTS `exp_categories`;
DROP TABLE IF EXISTS `exp_category_field_data`;
DROP TABLE IF EXISTS `exp_category_fields`;
DROP TABLE IF EXISTS `exp_category_groups`;
DROP TABLE IF EXISTS `exp_category_posts`;
DROP TABLE IF EXISTS `exp_channel_data`;
DROP TABLE IF EXISTS `exp_channel_data_field_1`;
DROP TABLE IF EXISTS `exp_channel_data_field_2`;
DROP TABLE IF EXISTS `exp_channel_data_field_3`;
DROP TABLE IF EXISTS `exp_channel_data_field_4`;
DROP TABLE IF EXISTS `exp_channel_data_field_5`;
DROP TABLE IF EXISTS `exp_channel_data_field_6`;
DROP TABLE IF EXISTS `exp_channel_data_field_7`;
DROP TABLE IF EXISTS `exp_channel_data_field_8`;
DROP TABLE IF EXISTS `exp_channel_entries_autosave`;
DROP TABLE IF EXISTS `exp_channel_field_groups_fields`;
DROP TABLE IF EXISTS `exp_channel_fields`;
DROP TABLE IF EXISTS `exp_channel_form_settings`;
DROP TABLE IF EXISTS `exp_channel_member_roles`;
DROP TABLE IF EXISTS `exp_channel_titles`;
DROP TABLE IF EXISTS `exp_channels`;
DROP TABLE IF EXISTS `exp_channels_channel_field_groups`;
DROP TABLE IF EXISTS `exp_channels_channel_fields`;
DROP TABLE IF EXISTS `exp_channels_statuses`;
DROP TABLE IF EXISTS `exp_comment_subscriptions`;
DROP TABLE IF EXISTS `exp_comments`;
DROP TABLE IF EXISTS `exp_config`;
DROP TABLE IF EXISTS `exp_consent_audit_log`;
DROP TABLE IF EXISTS `exp_consent_request_versions`;
DROP TABLE IF EXISTS `exp_consent_requests`;
DROP TABLE IF EXISTS `exp_consents`;
DROP TABLE IF EXISTS `exp_content_types`;
DROP TABLE IF EXISTS `exp_cp_log`;
DROP TABLE IF EXISTS `exp_dashboard_layout_widgets`;
DROP TABLE IF EXISTS `exp_dashboard_layouts`;
DROP TABLE IF EXISTS `exp_dashboard_widgets`;
DROP TABLE IF EXISTS `exp_developer_log`;
DROP TABLE IF EXISTS `exp_email_cache`;
DROP TABLE IF EXISTS `exp_email_cache_mg`;
DROP TABLE IF EXISTS `exp_email_cache_ml`;
DROP TABLE IF EXISTS `exp_email_console_cache`;
DROP TABLE IF EXISTS `exp_entry_manager_views`;
DROP TABLE IF EXISTS `exp_entry_versioning`;
DROP TABLE IF EXISTS `exp_extensions`;
DROP TABLE IF EXISTS `exp_field_groups`;
DROP TABLE IF EXISTS `exp_fieldtypes`;
DROP TABLE IF EXISTS `exp_file_categories`;
DROP TABLE IF EXISTS `exp_file_dimensions`;
DROP TABLE IF EXISTS `exp_file_watermarks`;
DROP TABLE IF EXISTS `exp_files`;
DROP TABLE IF EXISTS `exp_fluid_field_data`;
DROP TABLE IF EXISTS `exp_global_variables`;
DROP TABLE IF EXISTS `exp_grid_columns`;
DROP TABLE IF EXISTS `exp_html_buttons`;
DROP TABLE IF EXISTS `exp_layout_publish`;
DROP TABLE IF EXISTS `exp_layout_publish_member_roles`;
DROP TABLE IF EXISTS `exp_member_bulletin_board`;
DROP TABLE IF EXISTS `exp_member_data`;
DROP TABLE IF EXISTS `exp_member_fields`;
DROP TABLE IF EXISTS `exp_member_news_views`;
DROP TABLE IF EXISTS `exp_member_search`;
DROP TABLE IF EXISTS `exp_members`;
DROP TABLE IF EXISTS `exp_members_role_groups`;
DROP TABLE IF EXISTS `exp_members_roles`;
DROP TABLE IF EXISTS `exp_menu_items`;
DROP TABLE IF EXISTS `exp_menu_sets`;
DROP TABLE IF EXISTS `exp_message_attachments`;
DROP TABLE IF EXISTS `exp_message_copies`;
DROP TABLE IF EXISTS `exp_message_data`;
DROP TABLE IF EXISTS `exp_message_folders`;
DROP TABLE IF EXISTS `exp_message_listed`;
DROP TABLE IF EXISTS `exp_module_member_roles`;
DROP TABLE IF EXISTS `exp_modules`;
DROP TABLE IF EXISTS `exp_online_users`;
DROP TABLE IF EXISTS `exp_password_lockout`;
DROP TABLE IF EXISTS `exp_permissions`;
DROP TABLE IF EXISTS `exp_plugins`;
DROP TABLE IF EXISTS `exp_relationships`;
DROP TABLE IF EXISTS `exp_remember_me`;
DROP TABLE IF EXISTS `exp_reset_password`;
DROP TABLE IF EXISTS `exp_revision_tracker`;
DROP TABLE IF EXISTS `exp_role_groups`;
DROP TABLE IF EXISTS `exp_role_settings`;
DROP TABLE IF EXISTS `exp_roles`;
DROP TABLE IF EXISTS `exp_roles_role_groups`;
DROP TABLE IF EXISTS `exp_rte_toolsets`;
DROP TABLE IF EXISTS `exp_search`;
DROP TABLE IF EXISTS `exp_search_log`;
DROP TABLE IF EXISTS `exp_security_hashes`;
DROP TABLE IF EXISTS `exp_sessions`;
DROP TABLE IF EXISTS `exp_sites`;
DROP TABLE IF EXISTS `exp_snippets`;
DROP TABLE IF EXISTS `exp_specialty_templates`;
DROP TABLE IF EXISTS `exp_stats`;
DROP TABLE IF EXISTS `exp_statuses`;
DROP TABLE IF EXISTS `exp_statuses_roles`;
DROP TABLE IF EXISTS `exp_template_groups`;
DROP TABLE IF EXISTS `exp_template_groups_roles`;
DROP TABLE IF EXISTS `exp_template_routes`;
DROP TABLE IF EXISTS `exp_templates`;
DROP TABLE IF EXISTS `exp_templates_roles`;
DROP TABLE IF EXISTS `exp_throttle`;
DROP TABLE IF EXISTS `exp_update_log`;
DROP TABLE IF EXISTS `exp_upload_prefs`;
DROP TABLE IF EXISTS `exp_upload_prefs_roles`;

--
-- Create tables and their structure
--

CREATE TABLE `exp_actions` (
  `action_id` int(4) unsigned NOT NULL AUTO_INCREMENT,
  `class` varchar(50) COLLATE utf8mb4_unicode_ci NOT NULL,
  `method` varchar(50) COLLATE utf8mb4_unicode_ci NOT NULL,
  `csrf_exempt` tinyint(1) unsigned NOT NULL DEFAULT 0,
  PRIMARY KEY (`action_id`)
) ENGINE=InnoDB AUTO_INCREMENT=30 DEFAULT CHARSET=utf8mb4 COLLATE=utf8mb4_unicode_ci;

CREATE TABLE `exp_captcha` (
  `captcha_id` bigint(13) unsigned NOT NULL AUTO_INCREMENT,
  `date` int(10) unsigned NOT NULL,
  `ip_address` varchar(45) COLLATE utf8mb4_unicode_ci NOT NULL DEFAULT '0',
  `word` varchar(20) COLLATE utf8mb4_unicode_ci NOT NULL,
  PRIMARY KEY (`captcha_id`),
  KEY `word` (`word`)
) ENGINE=InnoDB DEFAULT CHARSET=utf8mb4 COLLATE=utf8mb4_unicode_ci;

CREATE TABLE `exp_categories` (
  `cat_id` int(10) unsigned NOT NULL AUTO_INCREMENT,
  `site_id` int(4) unsigned NOT NULL DEFAULT 1,
  `group_id` int(6) unsigned NOT NULL,
  `parent_id` int(4) unsigned NOT NULL,
  `cat_name` varchar(100) COLLATE utf8mb4_unicode_ci NOT NULL,
  `cat_url_title` varchar(75) COLLATE utf8mb4_unicode_ci NOT NULL,
  `cat_description` text COLLATE utf8mb4_unicode_ci DEFAULT NULL,
  `cat_image` varchar(120) COLLATE utf8mb4_unicode_ci DEFAULT NULL,
  `cat_order` int(4) unsigned NOT NULL,
  PRIMARY KEY (`cat_id`),
  KEY `group_id` (`group_id`),
  KEY `cat_name` (`cat_name`),
  KEY `site_id` (`site_id`)
) ENGINE=InnoDB AUTO_INCREMENT=6 DEFAULT CHARSET=utf8mb4 COLLATE=utf8mb4_unicode_ci;

CREATE TABLE `exp_category_field_data` (
  `cat_id` int(4) unsigned NOT NULL,
  `site_id` int(4) unsigned NOT NULL DEFAULT 1,
  `group_id` int(4) unsigned NOT NULL,
  PRIMARY KEY (`cat_id`),
  KEY `site_id` (`site_id`),
  KEY `group_id` (`group_id`)
) ENGINE=InnoDB DEFAULT CHARSET=utf8mb4 COLLATE=utf8mb4_unicode_ci;

CREATE TABLE `exp_category_fields` (
  `field_id` int(6) unsigned NOT NULL AUTO_INCREMENT,
  `site_id` int(4) unsigned NOT NULL DEFAULT 1,
  `group_id` int(4) unsigned NOT NULL,
  `field_name` varchar(32) COLLATE utf8mb4_unicode_ci NOT NULL DEFAULT '',
  `field_label` varchar(50) COLLATE utf8mb4_unicode_ci NOT NULL DEFAULT '',
  `field_type` varchar(12) COLLATE utf8mb4_unicode_ci NOT NULL DEFAULT 'text',
  `field_list_items` text COLLATE utf8mb4_unicode_ci NOT NULL,
  `field_maxl` smallint(3) NOT NULL DEFAULT 128,
  `field_ta_rows` tinyint(2) NOT NULL DEFAULT 8,
  `field_default_fmt` varchar(40) COLLATE utf8mb4_unicode_ci NOT NULL DEFAULT 'none',
  `field_show_fmt` char(1) COLLATE utf8mb4_unicode_ci NOT NULL DEFAULT 'y',
  `field_text_direction` char(3) COLLATE utf8mb4_unicode_ci NOT NULL DEFAULT 'ltr',
  `field_required` char(1) COLLATE utf8mb4_unicode_ci NOT NULL DEFAULT 'n',
  `field_order` int(3) unsigned NOT NULL,
  `field_settings` text COLLATE utf8mb4_unicode_ci DEFAULT NULL,
  `legacy_field_data` char(1) COLLATE utf8mb4_unicode_ci NOT NULL DEFAULT 'n',
  PRIMARY KEY (`field_id`),
  KEY `site_id` (`site_id`),
  KEY `group_id` (`group_id`)
) ENGINE=InnoDB DEFAULT CHARSET=utf8mb4 COLLATE=utf8mb4_unicode_ci;

CREATE TABLE `exp_category_groups` (
  `group_id` int(6) unsigned NOT NULL AUTO_INCREMENT,
  `site_id` int(4) unsigned NOT NULL DEFAULT 1,
  `group_name` varchar(50) COLLATE utf8mb4_unicode_ci NOT NULL,
  `sort_order` char(1) COLLATE utf8mb4_unicode_ci NOT NULL DEFAULT 'a',
  `exclude_group` tinyint(1) unsigned NOT NULL DEFAULT 0,
  `field_html_formatting` char(4) COLLATE utf8mb4_unicode_ci NOT NULL DEFAULT 'all',
  `can_edit_categories` text COLLATE utf8mb4_unicode_ci DEFAULT NULL,
  `can_delete_categories` text COLLATE utf8mb4_unicode_ci DEFAULT NULL,
  PRIMARY KEY (`group_id`),
  KEY `site_id` (`site_id`)
) ENGINE=InnoDB AUTO_INCREMENT=2 DEFAULT CHARSET=utf8mb4 COLLATE=utf8mb4_unicode_ci;

CREATE TABLE `exp_category_posts` (
  `entry_id` int(10) unsigned NOT NULL,
  `cat_id` int(10) unsigned NOT NULL,
  PRIMARY KEY (`entry_id`,`cat_id`)
) ENGINE=InnoDB DEFAULT CHARSET=utf8mb4 COLLATE=utf8mb4_unicode_ci;

CREATE TABLE `exp_channel_data` (
  `entry_id` int(10) unsigned NOT NULL,
  `site_id` int(4) unsigned NOT NULL DEFAULT 1,
  `channel_id` int(4) unsigned NOT NULL,
  PRIMARY KEY (`entry_id`),
  KEY `channel_id` (`channel_id`),
  KEY `site_id` (`site_id`)
) ENGINE=InnoDB DEFAULT CHARSET=utf8mb4 COLLATE=utf8mb4_unicode_ci;

CREATE TABLE `exp_channel_data_field_1` (
  `id` int(10) unsigned NOT NULL AUTO_INCREMENT,
  `entry_id` int(10) unsigned NOT NULL,
  `field_id_1` text COLLATE utf8mb4_unicode_ci DEFAULT NULL,
  `field_ft_1` tinytext COLLATE utf8mb4_unicode_ci DEFAULT NULL,
  PRIMARY KEY (`id`),
  KEY `entry_id` (`entry_id`)
) ENGINE=InnoDB AUTO_INCREMENT=3 DEFAULT CHARSET=utf8mb4 COLLATE=utf8mb4_unicode_ci;

CREATE TABLE `exp_channel_data_field_2` (
  `id` int(10) unsigned NOT NULL AUTO_INCREMENT,
  `entry_id` int(10) unsigned NOT NULL,
  `field_id_2` text COLLATE utf8mb4_unicode_ci DEFAULT NULL,
  `field_ft_2` tinytext COLLATE utf8mb4_unicode_ci DEFAULT NULL,
  PRIMARY KEY (`id`),
  KEY `entry_id` (`entry_id`)
) ENGINE=InnoDB AUTO_INCREMENT=3 DEFAULT CHARSET=utf8mb4 COLLATE=utf8mb4_unicode_ci;

CREATE TABLE `exp_channel_data_field_3` (
  `id` int(10) unsigned NOT NULL AUTO_INCREMENT,
  `entry_id` int(10) unsigned NOT NULL,
  `field_id_3` text COLLATE utf8mb4_unicode_ci DEFAULT NULL,
  `field_ft_3` tinytext COLLATE utf8mb4_unicode_ci DEFAULT NULL,
  PRIMARY KEY (`id`),
  KEY `entry_id` (`entry_id`)
) ENGINE=InnoDB AUTO_INCREMENT=4 DEFAULT CHARSET=utf8mb4 COLLATE=utf8mb4_unicode_ci;

CREATE TABLE `exp_channel_data_field_4` (
  `id` int(10) unsigned NOT NULL AUTO_INCREMENT,
  `entry_id` int(10) unsigned NOT NULL,
  `field_id_4` text COLLATE utf8mb4_unicode_ci DEFAULT NULL,
  `field_ft_4` tinytext COLLATE utf8mb4_unicode_ci DEFAULT NULL,
  PRIMARY KEY (`id`),
  KEY `entry_id` (`entry_id`)
) ENGINE=InnoDB AUTO_INCREMENT=4 DEFAULT CHARSET=utf8mb4 COLLATE=utf8mb4_unicode_ci;

CREATE TABLE `exp_channel_data_field_5` (
  `id` int(10) unsigned NOT NULL AUTO_INCREMENT,
  `entry_id` int(10) unsigned NOT NULL,
  `field_id_5` varchar(8) COLLATE utf8mb4_unicode_ci DEFAULT NULL,
  `field_ft_5` tinytext COLLATE utf8mb4_unicode_ci DEFAULT NULL,
  PRIMARY KEY (`id`),
  KEY `entry_id` (`entry_id`)
) ENGINE=InnoDB AUTO_INCREMENT=2 DEFAULT CHARSET=utf8mb4 COLLATE=utf8mb4_unicode_ci;

CREATE TABLE `exp_channel_data_field_6` (
  `id` int(10) unsigned NOT NULL AUTO_INCREMENT,
  `entry_id` int(10) unsigned NOT NULL,
  `field_id_6` text COLLATE utf8mb4_unicode_ci DEFAULT NULL,
  `field_ft_6` tinytext COLLATE utf8mb4_unicode_ci DEFAULT NULL,
  PRIMARY KEY (`id`),
  KEY `entry_id` (`entry_id`)
) ENGINE=InnoDB AUTO_INCREMENT=2 DEFAULT CHARSET=utf8mb4 COLLATE=utf8mb4_unicode_ci;

CREATE TABLE `exp_channel_data_field_7` (
  `id` int(10) unsigned NOT NULL AUTO_INCREMENT,
  `entry_id` int(10) unsigned NOT NULL,
  `field_id_7` text COLLATE utf8mb4_unicode_ci DEFAULT NULL,
  `field_ft_7` tinytext COLLATE utf8mb4_unicode_ci DEFAULT NULL,
  PRIMARY KEY (`id`),
  KEY `entry_id` (`entry_id`)
) ENGINE=InnoDB AUTO_INCREMENT=2 DEFAULT CHARSET=utf8mb4 COLLATE=utf8mb4_unicode_ci;

CREATE TABLE `exp_channel_data_field_8` (
  `id` int(10) unsigned NOT NULL AUTO_INCREMENT,
  `entry_id` int(10) unsigned NOT NULL,
  `field_id_8` tinyint(4) NOT NULL DEFAULT 0,
  `field_ft_8` tinytext COLLATE utf8mb4_unicode_ci DEFAULT NULL,
  PRIMARY KEY (`id`),
  KEY `entry_id` (`entry_id`)
) ENGINE=InnoDB AUTO_INCREMENT=2 DEFAULT CHARSET=utf8mb4 COLLATE=utf8mb4_unicode_ci;

CREATE TABLE `exp_channel_entries_autosave` (
  `entry_id` int(10) unsigned NOT NULL AUTO_INCREMENT,
  `original_entry_id` int(10) unsigned NOT NULL,
  `site_id` int(4) unsigned NOT NULL DEFAULT 1,
  `channel_id` int(4) unsigned NOT NULL,
  `author_id` int(10) unsigned NOT NULL DEFAULT 0,
  `forum_topic_id` int(10) unsigned DEFAULT NULL,
  `ip_address` varchar(45) COLLATE utf8mb4_unicode_ci NOT NULL DEFAULT '0',
  `title` varchar(100) COLLATE utf8mb4_unicode_ci NOT NULL,
  `url_title` varchar(200) COLLATE utf8mb4_unicode_ci NOT NULL,
  `status` varchar(50) COLLATE utf8mb4_unicode_ci NOT NULL,
  `versioning_enabled` char(1) COLLATE utf8mb4_unicode_ci NOT NULL DEFAULT 'n',
  `view_count_one` int(10) unsigned NOT NULL DEFAULT 0,
  `view_count_two` int(10) unsigned NOT NULL DEFAULT 0,
  `view_count_three` int(10) unsigned NOT NULL DEFAULT 0,
  `view_count_four` int(10) unsigned NOT NULL DEFAULT 0,
  `allow_comments` varchar(1) COLLATE utf8mb4_unicode_ci NOT NULL DEFAULT 'y',
  `sticky` varchar(1) COLLATE utf8mb4_unicode_ci NOT NULL DEFAULT 'n',
  `entry_date` int(10) NOT NULL,
  `year` char(4) COLLATE utf8mb4_unicode_ci NOT NULL,
  `month` char(2) COLLATE utf8mb4_unicode_ci NOT NULL,
  `day` char(3) COLLATE utf8mb4_unicode_ci NOT NULL,
  `expiration_date` int(10) NOT NULL DEFAULT 0,
  `comment_expiration_date` int(10) NOT NULL DEFAULT 0,
  `edit_date` bigint(14) DEFAULT NULL,
  `recent_comment_date` int(10) DEFAULT NULL,
  `comment_total` int(4) unsigned NOT NULL DEFAULT 0,
  `entry_data` text COLLATE utf8mb4_unicode_ci DEFAULT NULL,
  PRIMARY KEY (`entry_id`),
  KEY `channel_id` (`channel_id`),
  KEY `author_id` (`author_id`),
  KEY `url_title` (`url_title`(191)),
  KEY `status` (`status`),
  KEY `entry_date` (`entry_date`),
  KEY `expiration_date` (`expiration_date`),
  KEY `site_id` (`site_id`)
) ENGINE=InnoDB AUTO_INCREMENT=2 DEFAULT CHARSET=utf8mb4 COLLATE=utf8mb4_unicode_ci;

CREATE TABLE `exp_channel_field_groups_fields` (
  `field_id` int(6) unsigned NOT NULL,
  `group_id` int(4) unsigned NOT NULL,
  PRIMARY KEY (`field_id`,`group_id`)
) ENGINE=InnoDB DEFAULT CHARSET=utf8mb4 COLLATE=utf8mb4_unicode_ci;

CREATE TABLE `exp_channel_fields` (
  `field_id` int(6) unsigned NOT NULL AUTO_INCREMENT,
  `site_id` int(4) unsigned DEFAULT 1,
  `field_name` varchar(32) COLLATE utf8mb4_unicode_ci NOT NULL,
  `field_label` varchar(50) COLLATE utf8mb4_unicode_ci NOT NULL,
  `field_instructions` text COLLATE utf8mb4_unicode_ci DEFAULT NULL,
  `field_type` varchar(50) COLLATE utf8mb4_unicode_ci NOT NULL DEFAULT 'text',
  `field_list_items` text COLLATE utf8mb4_unicode_ci NOT NULL,
  `field_pre_populate` char(1) COLLATE utf8mb4_unicode_ci NOT NULL DEFAULT 'n',
  `field_pre_channel_id` int(6) unsigned DEFAULT NULL,
  `field_pre_field_id` int(6) unsigned DEFAULT NULL,
  `field_ta_rows` tinyint(2) DEFAULT 8,
  `field_maxl` smallint(3) DEFAULT NULL,
  `field_required` char(1) COLLATE utf8mb4_unicode_ci NOT NULL DEFAULT 'n',
  `field_text_direction` char(3) COLLATE utf8mb4_unicode_ci NOT NULL DEFAULT 'ltr',
  `field_search` char(1) COLLATE utf8mb4_unicode_ci NOT NULL DEFAULT 'n',
  `field_is_hidden` char(1) COLLATE utf8mb4_unicode_ci NOT NULL DEFAULT 'n',
  `field_fmt` varchar(40) COLLATE utf8mb4_unicode_ci NOT NULL DEFAULT 'xhtml',
  `field_show_fmt` char(1) COLLATE utf8mb4_unicode_ci NOT NULL DEFAULT 'y',
  `field_order` int(3) unsigned NOT NULL,
  `field_content_type` varchar(20) COLLATE utf8mb4_unicode_ci NOT NULL DEFAULT 'any',
  `field_settings` text COLLATE utf8mb4_unicode_ci DEFAULT NULL,
  `legacy_field_data` char(1) COLLATE utf8mb4_unicode_ci NOT NULL DEFAULT 'n',
  PRIMARY KEY (`field_id`),
  KEY `field_type` (`field_type`),
  KEY `site_id` (`site_id`)
) ENGINE=InnoDB AUTO_INCREMENT=9 DEFAULT CHARSET=utf8mb4 COLLATE=utf8mb4_unicode_ci;

CREATE TABLE `exp_channel_form_settings` (
  `channel_form_settings_id` int(10) unsigned NOT NULL AUTO_INCREMENT,
  `site_id` int(4) unsigned NOT NULL DEFAULT 0,
  `channel_id` int(6) unsigned NOT NULL DEFAULT 0,
  `default_status` varchar(50) COLLATE utf8mb4_unicode_ci NOT NULL DEFAULT 'open',
  `allow_guest_posts` char(1) COLLATE utf8mb4_unicode_ci NOT NULL DEFAULT 'n',
  `default_author` int(11) NOT NULL DEFAULT 0,
  PRIMARY KEY (`channel_form_settings_id`),
  KEY `site_id` (`site_id`),
  KEY `channel_id` (`channel_id`)
) ENGINE=InnoDB AUTO_INCREMENT=3 DEFAULT CHARSET=utf8mb4 COLLATE=utf8mb4_unicode_ci;

CREATE TABLE `exp_channel_member_roles` (
  `role_id` int(10) unsigned NOT NULL,
  `channel_id` int(6) unsigned NOT NULL,
  PRIMARY KEY (`role_id`,`channel_id`)
) ENGINE=InnoDB DEFAULT CHARSET=utf8mb4 COLLATE=utf8mb4_unicode_ci;

CREATE TABLE `exp_channel_titles` (
  `entry_id` int(10) unsigned NOT NULL AUTO_INCREMENT,
  `site_id` int(4) unsigned NOT NULL DEFAULT 1,
  `channel_id` int(4) unsigned NOT NULL,
  `author_id` int(10) unsigned NOT NULL DEFAULT 0,
  `forum_topic_id` int(10) unsigned DEFAULT NULL,
  `ip_address` varchar(45) COLLATE utf8mb4_unicode_ci NOT NULL DEFAULT '0',
  `title` varchar(200) COLLATE utf8mb4_unicode_ci NOT NULL,
  `url_title` varchar(200) COLLATE utf8mb4_unicode_ci NOT NULL,
  `status` varchar(50) COLLATE utf8mb4_unicode_ci NOT NULL,
  `status_id` int(4) unsigned NOT NULL,
  `versioning_enabled` char(1) COLLATE utf8mb4_unicode_ci NOT NULL DEFAULT 'n',
  `view_count_one` int(10) unsigned NOT NULL DEFAULT 0,
  `view_count_two` int(10) unsigned NOT NULL DEFAULT 0,
  `view_count_three` int(10) unsigned NOT NULL DEFAULT 0,
  `view_count_four` int(10) unsigned NOT NULL DEFAULT 0,
  `allow_comments` varchar(1) COLLATE utf8mb4_unicode_ci NOT NULL DEFAULT 'y',
  `sticky` varchar(1) COLLATE utf8mb4_unicode_ci NOT NULL DEFAULT 'n',
  `entry_date` int(10) NOT NULL,
  `year` char(4) COLLATE utf8mb4_unicode_ci NOT NULL,
  `month` char(2) COLLATE utf8mb4_unicode_ci NOT NULL,
  `day` char(3) COLLATE utf8mb4_unicode_ci NOT NULL,
  `expiration_date` int(10) NOT NULL DEFAULT 0,
  `comment_expiration_date` int(10) NOT NULL DEFAULT 0,
  `edit_date` bigint(14) DEFAULT NULL,
  `recent_comment_date` int(10) DEFAULT NULL,
  `comment_total` int(4) unsigned NOT NULL DEFAULT 0,
  PRIMARY KEY (`entry_id`),
  KEY `channel_id` (`channel_id`),
  KEY `author_id` (`author_id`),
  KEY `url_title` (`url_title`(191)),
  KEY `status` (`status`),
  KEY `entry_date` (`entry_date`),
  KEY `expiration_date` (`expiration_date`),
  KEY `site_id` (`site_id`),
  KEY `sticky_date_id_idx` (`sticky`,`entry_date`,`entry_id`)
) ENGINE=InnoDB AUTO_INCREMENT=6 DEFAULT CHARSET=utf8mb4 COLLATE=utf8mb4_unicode_ci;

CREATE TABLE `exp_channels` (
  `channel_id` int(6) unsigned NOT NULL AUTO_INCREMENT,
  `site_id` int(4) unsigned NOT NULL DEFAULT 1,
  `channel_name` varchar(40) COLLATE utf8mb4_unicode_ci NOT NULL,
  `channel_title` varchar(100) COLLATE utf8mb4_unicode_ci NOT NULL,
  `channel_url` varchar(100) COLLATE utf8mb4_unicode_ci NOT NULL,
  `channel_description` varchar(255) COLLATE utf8mb4_unicode_ci DEFAULT NULL,
  `channel_lang` varchar(12) COLLATE utf8mb4_unicode_ci NOT NULL,
  `total_entries` mediumint(8) NOT NULL DEFAULT 0,
  `total_records` mediumint(8) unsigned NOT NULL DEFAULT 0,
  `total_comments` mediumint(8) NOT NULL DEFAULT 0,
  `last_entry_date` int(10) unsigned NOT NULL DEFAULT 0,
  `last_comment_date` int(10) unsigned NOT NULL DEFAULT 0,
  `cat_group` varchar(255) COLLATE utf8mb4_unicode_ci DEFAULT NULL,
  `deft_status` varchar(50) COLLATE utf8mb4_unicode_ci NOT NULL DEFAULT 'open',
  `search_excerpt` int(4) unsigned DEFAULT NULL,
  `deft_category` varchar(60) COLLATE utf8mb4_unicode_ci DEFAULT NULL,
  `deft_comments` char(1) COLLATE utf8mb4_unicode_ci NOT NULL DEFAULT 'y',
  `channel_require_membership` char(1) COLLATE utf8mb4_unicode_ci NOT NULL DEFAULT 'y',
  `channel_max_chars` int(5) unsigned DEFAULT NULL,
  `channel_html_formatting` char(4) COLLATE utf8mb4_unicode_ci NOT NULL DEFAULT 'all',
  `extra_publish_controls` char(1) COLLATE utf8mb4_unicode_ci NOT NULL DEFAULT 'n',
  `channel_allow_img_urls` char(1) COLLATE utf8mb4_unicode_ci NOT NULL DEFAULT 'y',
  `channel_auto_link_urls` char(1) COLLATE utf8mb4_unicode_ci NOT NULL DEFAULT 'n',
  `channel_notify` char(1) COLLATE utf8mb4_unicode_ci NOT NULL DEFAULT 'n',
  `channel_notify_emails` varchar(255) COLLATE utf8mb4_unicode_ci DEFAULT NULL,
  `sticky_enabled` char(1) COLLATE utf8mb4_unicode_ci NOT NULL DEFAULT 'n',
  `comment_url` varchar(80) COLLATE utf8mb4_unicode_ci DEFAULT NULL,
  `comment_system_enabled` char(1) COLLATE utf8mb4_unicode_ci NOT NULL DEFAULT 'y',
  `comment_require_membership` char(1) COLLATE utf8mb4_unicode_ci NOT NULL DEFAULT 'n',
  `comment_moderate` char(1) COLLATE utf8mb4_unicode_ci NOT NULL DEFAULT 'n',
  `comment_max_chars` int(5) unsigned DEFAULT 5000,
  `comment_timelock` int(5) unsigned NOT NULL DEFAULT 0,
  `comment_require_email` char(1) COLLATE utf8mb4_unicode_ci NOT NULL DEFAULT 'y',
  `comment_text_formatting` char(40) COLLATE utf8mb4_unicode_ci NOT NULL DEFAULT 'xhtml',
  `comment_html_formatting` char(4) COLLATE utf8mb4_unicode_ci NOT NULL DEFAULT 'safe',
  `comment_allow_img_urls` char(1) COLLATE utf8mb4_unicode_ci NOT NULL DEFAULT 'n',
  `comment_auto_link_urls` char(1) COLLATE utf8mb4_unicode_ci NOT NULL DEFAULT 'y',
  `comment_notify` char(1) COLLATE utf8mb4_unicode_ci NOT NULL DEFAULT 'n',
  `comment_notify_authors` char(1) COLLATE utf8mb4_unicode_ci NOT NULL DEFAULT 'n',
  `comment_notify_emails` varchar(255) COLLATE utf8mb4_unicode_ci DEFAULT NULL,
  `comment_expiration` int(4) unsigned NOT NULL DEFAULT 0,
  `search_results_url` varchar(80) COLLATE utf8mb4_unicode_ci DEFAULT NULL,
  `rss_url` varchar(80) COLLATE utf8mb4_unicode_ci DEFAULT NULL,
  `enable_versioning` char(1) COLLATE utf8mb4_unicode_ci NOT NULL DEFAULT 'n',
  `max_revisions` smallint(4) unsigned NOT NULL DEFAULT 10,
  `default_entry_title` varchar(100) COLLATE utf8mb4_unicode_ci DEFAULT NULL,
  `title_field_label` varchar(100) COLLATE utf8mb4_unicode_ci NOT NULL DEFAULT 'Title',
  `url_title_prefix` varchar(80) COLLATE utf8mb4_unicode_ci DEFAULT NULL,
  `preview_url` varchar(100) COLLATE utf8mb4_unicode_ci DEFAULT NULL,
  `max_entries` int(10) unsigned NOT NULL DEFAULT 0,
  PRIMARY KEY (`channel_id`),
  KEY `cat_group` (`cat_group`(191)),
  KEY `channel_name` (`channel_name`),
  KEY `site_id` (`site_id`)
) ENGINE=InnoDB AUTO_INCREMENT=3 DEFAULT CHARSET=utf8mb4 COLLATE=utf8mb4_unicode_ci;

CREATE TABLE `exp_channels_channel_field_groups` (
  `channel_id` int(4) unsigned NOT NULL,
  `group_id` int(4) unsigned NOT NULL,
  PRIMARY KEY (`channel_id`,`group_id`)
) ENGINE=InnoDB DEFAULT CHARSET=utf8mb4 COLLATE=utf8mb4_unicode_ci;

CREATE TABLE `exp_channels_channel_fields` (
  `channel_id` int(4) unsigned NOT NULL,
  `field_id` int(6) unsigned NOT NULL,
  PRIMARY KEY (`channel_id`,`field_id`)
) ENGINE=InnoDB DEFAULT CHARSET=utf8mb4 COLLATE=utf8mb4_unicode_ci;

CREATE TABLE `exp_channels_statuses` (
  `channel_id` int(4) unsigned NOT NULL,
  `status_id` int(4) unsigned NOT NULL,
  PRIMARY KEY (`channel_id`,`status_id`)
) ENGINE=InnoDB DEFAULT CHARSET=utf8mb4 COLLATE=utf8mb4_unicode_ci;

CREATE TABLE `exp_comment_subscriptions` (
  `subscription_id` int(10) unsigned NOT NULL AUTO_INCREMENT,
  `entry_id` int(10) unsigned DEFAULT NULL,
  `member_id` int(10) DEFAULT 0,
  `email` varchar(75) COLLATE utf8mb4_unicode_ci DEFAULT NULL,
  `subscription_date` varchar(10) COLLATE utf8mb4_unicode_ci DEFAULT NULL,
  `notification_sent` char(1) COLLATE utf8mb4_unicode_ci DEFAULT 'n',
  `hash` varchar(15) COLLATE utf8mb4_unicode_ci DEFAULT NULL,
  PRIMARY KEY (`subscription_id`),
  KEY `entry_id_member_id` (`entry_id`,`member_id`)
) ENGINE=InnoDB DEFAULT CHARSET=utf8mb4 COLLATE=utf8mb4_unicode_ci;

CREATE TABLE `exp_comments` (
  `comment_id` int(10) unsigned NOT NULL AUTO_INCREMENT,
  `site_id` int(4) DEFAULT 1,
  `entry_id` int(10) unsigned DEFAULT 0,
  `channel_id` int(4) unsigned DEFAULT 1,
  `author_id` int(10) unsigned DEFAULT 0,
  `status` char(1) COLLATE utf8mb4_unicode_ci DEFAULT '0',
  `name` varchar(50) COLLATE utf8mb4_unicode_ci DEFAULT NULL,
  `email` varchar(75) COLLATE utf8mb4_unicode_ci DEFAULT NULL,
  `url` varchar(75) COLLATE utf8mb4_unicode_ci DEFAULT NULL,
  `location` varchar(50) COLLATE utf8mb4_unicode_ci DEFAULT NULL,
  `ip_address` varchar(45) COLLATE utf8mb4_unicode_ci DEFAULT NULL,
  `comment_date` int(10) DEFAULT NULL,
  `edit_date` int(10) DEFAULT NULL,
  `comment` text COLLATE utf8mb4_unicode_ci DEFAULT NULL,
  PRIMARY KEY (`comment_id`),
  KEY `entry_id_channel_id_author_id_status_site_id` (`entry_id`,`channel_id`,`author_id`,`status`,`site_id`)
) ENGINE=InnoDB DEFAULT CHARSET=utf8mb4 COLLATE=utf8mb4_unicode_ci;

CREATE TABLE `exp_config` (
  `config_id` int(10) unsigned NOT NULL AUTO_INCREMENT,
  `site_id` int(5) unsigned NOT NULL DEFAULT 0,
  `key` varchar(64) NOT NULL DEFAULT '',
  `value` text DEFAULT NULL,
  PRIMARY KEY (`config_id`),
  KEY `site_key` (`site_id`,`key`)
) ENGINE=InnoDB AUTO_INCREMENT=149 DEFAULT CHARSET=utf8mb4;

CREATE TABLE `exp_consent_audit_log` (
  `consent_audit_id` int(10) unsigned NOT NULL AUTO_INCREMENT,
  `consent_request_id` int(10) unsigned NOT NULL,
  `member_id` int(10) unsigned NOT NULL,
  `action` text COLLATE utf8mb4_unicode_ci NOT NULL,
  `log_date` int(10) NOT NULL DEFAULT 0,
  PRIMARY KEY (`consent_audit_id`),
  KEY `consent_request_id` (`consent_request_id`)
) ENGINE=InnoDB DEFAULT CHARSET=utf8mb4 COLLATE=utf8mb4_unicode_ci;

CREATE TABLE `exp_consent_request_versions` (
  `consent_request_version_id` int(10) unsigned NOT NULL AUTO_INCREMENT,
  `consent_request_id` int(10) unsigned NOT NULL,
  `request` mediumtext COLLATE utf8mb4_unicode_ci DEFAULT NULL,
  `request_format` varchar(255) COLLATE utf8mb4_unicode_ci NOT NULL DEFAULT '',
  `create_date` int(10) NOT NULL DEFAULT 0,
  `author_id` int(10) unsigned NOT NULL DEFAULT 0,
  PRIMARY KEY (`consent_request_version_id`),
  KEY `consent_request_id` (`consent_request_id`)
) ENGINE=InnoDB AUTO_INCREMENT=4 DEFAULT CHARSET=utf8mb4 COLLATE=utf8mb4_unicode_ci;

CREATE TABLE `exp_consent_requests` (
  `consent_request_id` int(10) unsigned NOT NULL AUTO_INCREMENT,
  `consent_request_version_id` int(10) unsigned DEFAULT NULL,
  `user_created` char(1) COLLATE utf8mb4_unicode_ci NOT NULL DEFAULT 'n',
  `title` varchar(200) COLLATE utf8mb4_unicode_ci NOT NULL,
  `consent_name` varchar(50) COLLATE utf8mb4_unicode_ci NOT NULL,
  `double_opt_in` char(1) COLLATE utf8mb4_unicode_ci NOT NULL DEFAULT 'n',
  `retention_period` varchar(32) COLLATE utf8mb4_unicode_ci DEFAULT NULL,
  PRIMARY KEY (`consent_request_id`)
) ENGINE=InnoDB AUTO_INCREMENT=4 DEFAULT CHARSET=utf8mb4 COLLATE=utf8mb4_unicode_ci;

CREATE TABLE `exp_consents` (
  `consent_id` int(10) unsigned NOT NULL AUTO_INCREMENT,
  `consent_request_id` int(10) unsigned NOT NULL,
  `consent_request_version_id` int(10) unsigned NOT NULL,
  `member_id` int(10) unsigned NOT NULL,
  `request_copy` mediumtext COLLATE utf8mb4_unicode_ci DEFAULT NULL,
  `request_format` varchar(255) COLLATE utf8mb4_unicode_ci NOT NULL DEFAULT '',
  `consent_given` char(1) COLLATE utf8mb4_unicode_ci NOT NULL DEFAULT 'n',
  `consent_given_via` varchar(32) COLLATE utf8mb4_unicode_ci DEFAULT NULL,
  `expiration_date` int(10) DEFAULT NULL,
  `response_date` int(10) DEFAULT NULL,
  PRIMARY KEY (`consent_id`),
  KEY `consent_request_version_id` (`consent_request_version_id`),
  KEY `member_id` (`member_id`)
) ENGINE=InnoDB DEFAULT CHARSET=utf8mb4 COLLATE=utf8mb4_unicode_ci;

CREATE TABLE `exp_content_types` (
  `content_type_id` int(10) unsigned NOT NULL AUTO_INCREMENT,
  `name` varchar(50) COLLATE utf8mb4_unicode_ci NOT NULL DEFAULT '',
  PRIMARY KEY (`content_type_id`),
  KEY `name` (`name`)
) ENGINE=InnoDB AUTO_INCREMENT=3 DEFAULT CHARSET=utf8mb4 COLLATE=utf8mb4_unicode_ci;

CREATE TABLE `exp_cp_log` (
  `id` int(10) NOT NULL AUTO_INCREMENT,
  `site_id` int(4) unsigned NOT NULL DEFAULT 1,
  `member_id` int(10) unsigned NOT NULL,
  `username` varchar(75) COLLATE utf8mb4_unicode_ci NOT NULL,
  `ip_address` varchar(45) COLLATE utf8mb4_unicode_ci NOT NULL DEFAULT '0',
  `act_date` int(10) NOT NULL,
  `action` text COLLATE utf8mb4_unicode_ci NOT NULL,
  PRIMARY KEY (`id`),
  KEY `site_id` (`site_id`)
) ENGINE=InnoDB AUTO_INCREMENT=11 DEFAULT CHARSET=utf8mb4 COLLATE=utf8mb4_unicode_ci;

CREATE TABLE `exp_dashboard_layout_widgets` (
  `layout_id` int(10) unsigned NOT NULL,
  `widget_id` int(10) unsigned NOT NULL,
  KEY `layouts_widgets` (`layout_id`,`widget_id`)
) ENGINE=InnoDB DEFAULT CHARSET=utf8mb4 COLLATE=utf8mb4_unicode_ci;

CREATE TABLE `exp_dashboard_layouts` (
  `layout_id` int(10) unsigned NOT NULL AUTO_INCREMENT,
  `member_id` int(10) unsigned DEFAULT NULL,
  `role_id` int(10) unsigned DEFAULT NULL,
  `order` varchar(255) COLLATE utf8mb4_unicode_ci DEFAULT NULL,
  PRIMARY KEY (`layout_id`),
  KEY `member_id` (`member_id`),
  KEY `role_id` (`role_id`)
) ENGINE=InnoDB DEFAULT CHARSET=utf8mb4 COLLATE=utf8mb4_unicode_ci;

CREATE TABLE `exp_dashboard_widgets` (
  `widget_id` int(10) unsigned NOT NULL AUTO_INCREMENT,
  `widget_name` varchar(50) COLLATE utf8mb4_unicode_ci DEFAULT NULL,
  `widget_data` mediumtext COLLATE utf8mb4_unicode_ci DEFAULT NULL,
  `widget_type` varchar(10) COLLATE utf8mb4_unicode_ci NOT NULL,
  `widget_source` varchar(50) COLLATE utf8mb4_unicode_ci NOT NULL,
  `widget_file` varchar(100) COLLATE utf8mb4_unicode_ci DEFAULT NULL,
  PRIMARY KEY (`widget_id`)
) ENGINE=InnoDB DEFAULT CHARSET=utf8mb4 COLLATE=utf8mb4_unicode_ci;

CREATE TABLE `exp_developer_log` (
  `log_id` int(10) unsigned NOT NULL AUTO_INCREMENT,
  `timestamp` int(10) unsigned NOT NULL,
  `viewed` char(1) COLLATE utf8mb4_unicode_ci NOT NULL DEFAULT 'n',
  `description` text COLLATE utf8mb4_unicode_ci DEFAULT NULL,
  `function` varchar(100) COLLATE utf8mb4_unicode_ci DEFAULT NULL,
  `line` int(10) unsigned DEFAULT NULL,
  `file` varchar(255) COLLATE utf8mb4_unicode_ci DEFAULT NULL,
  `deprecated_since` varchar(10) COLLATE utf8mb4_unicode_ci DEFAULT NULL,
  `use_instead` varchar(100) COLLATE utf8mb4_unicode_ci DEFAULT NULL,
  `template_id` int(10) unsigned NOT NULL DEFAULT 0,
  `template_name` varchar(100) COLLATE utf8mb4_unicode_ci DEFAULT NULL,
  `template_group` varchar(100) COLLATE utf8mb4_unicode_ci DEFAULT NULL,
  `addon_module` varchar(100) COLLATE utf8mb4_unicode_ci DEFAULT NULL,
  `addon_method` varchar(100) COLLATE utf8mb4_unicode_ci DEFAULT NULL,
  `snippets` text COLLATE utf8mb4_unicode_ci DEFAULT NULL,
  `hash` char(32) COLLATE utf8mb4_unicode_ci NOT NULL,
  PRIMARY KEY (`log_id`)
) ENGINE=InnoDB DEFAULT CHARSET=utf8mb4 COLLATE=utf8mb4_unicode_ci;

CREATE TABLE `exp_email_cache` (
  `cache_id` int(6) unsigned NOT NULL AUTO_INCREMENT,
  `cache_date` int(10) unsigned NOT NULL DEFAULT 0,
  `total_sent` int(6) unsigned NOT NULL,
  `from_name` varchar(70) COLLATE utf8mb4_unicode_ci NOT NULL,
  `from_email` varchar(75) COLLATE utf8mb4_unicode_ci NOT NULL,
  `recipient` text COLLATE utf8mb4_unicode_ci NOT NULL,
  `cc` text COLLATE utf8mb4_unicode_ci NOT NULL,
  `bcc` text COLLATE utf8mb4_unicode_ci NOT NULL,
  `recipient_array` mediumtext COLLATE utf8mb4_unicode_ci NOT NULL,
  `subject` varchar(120) COLLATE utf8mb4_unicode_ci NOT NULL,
  `message` mediumtext COLLATE utf8mb4_unicode_ci NOT NULL,
  `plaintext_alt` mediumtext COLLATE utf8mb4_unicode_ci NOT NULL,
  `mailtype` varchar(6) COLLATE utf8mb4_unicode_ci NOT NULL,
  `text_fmt` varchar(40) COLLATE utf8mb4_unicode_ci NOT NULL,
  `wordwrap` char(1) COLLATE utf8mb4_unicode_ci NOT NULL DEFAULT 'y',
  `attachments` mediumtext COLLATE utf8mb4_unicode_ci DEFAULT NULL,
  PRIMARY KEY (`cache_id`)
) ENGINE=InnoDB DEFAULT CHARSET=utf8mb4 COLLATE=utf8mb4_unicode_ci;

CREATE TABLE `exp_email_cache_mg` (
  `cache_id` int(6) unsigned NOT NULL,
  `role_id` int(10) NOT NULL,
  PRIMARY KEY (`cache_id`,`role_id`)
) ENGINE=InnoDB DEFAULT CHARSET=utf8mb4 COLLATE=utf8mb4_unicode_ci;

CREATE TABLE `exp_email_cache_ml` (
  `cache_id` int(6) unsigned NOT NULL,
  `list_id` smallint(4) NOT NULL,
  PRIMARY KEY (`cache_id`,`list_id`)
) ENGINE=InnoDB DEFAULT CHARSET=utf8mb4 COLLATE=utf8mb4_unicode_ci;

CREATE TABLE `exp_email_console_cache` (
  `cache_id` int(6) unsigned NOT NULL AUTO_INCREMENT,
  `cache_date` int(10) unsigned NOT NULL DEFAULT 0,
  `member_id` int(10) unsigned NOT NULL,
  `member_name` varchar(50) COLLATE utf8mb4_unicode_ci NOT NULL,
  `ip_address` varchar(45) COLLATE utf8mb4_unicode_ci NOT NULL DEFAULT '0',
  `recipient` varchar(75) COLLATE utf8mb4_unicode_ci NOT NULL,
  `recipient_name` varchar(50) COLLATE utf8mb4_unicode_ci NOT NULL,
  `subject` varchar(120) COLLATE utf8mb4_unicode_ci NOT NULL,
  `message` mediumtext COLLATE utf8mb4_unicode_ci NOT NULL,
  PRIMARY KEY (`cache_id`)
) ENGINE=InnoDB DEFAULT CHARSET=utf8mb4 COLLATE=utf8mb4_unicode_ci;

CREATE TABLE `exp_entry_manager_views` (
  `view_id` int(10) unsigned NOT NULL AUTO_INCREMENT,
  `channel_id` int(6) unsigned NOT NULL,
  `member_id` int(10) unsigned NOT NULL,
  `name` varchar(128) NOT NULL DEFAULT '',
  `columns` text NOT NULL,
  PRIMARY KEY (`view_id`)
) ENGINE=InnoDB AUTO_INCREMENT=2 DEFAULT CHARSET=utf8mb4;

CREATE TABLE `exp_entry_versioning` (
  `version_id` int(10) unsigned NOT NULL AUTO_INCREMENT,
  `entry_id` int(10) unsigned NOT NULL,
  `channel_id` int(4) unsigned NOT NULL,
  `author_id` int(10) unsigned NOT NULL,
  `version_date` int(10) NOT NULL,
  `version_data` mediumtext COLLATE utf8mb4_unicode_ci NOT NULL,
  PRIMARY KEY (`version_id`),
  KEY `entry_id` (`entry_id`)
) ENGINE=InnoDB DEFAULT CHARSET=utf8mb4 COLLATE=utf8mb4_unicode_ci;

CREATE TABLE `exp_extensions` (
  `extension_id` int(10) unsigned NOT NULL AUTO_INCREMENT,
  `class` varchar(50) COLLATE utf8mb4_unicode_ci NOT NULL DEFAULT '',
  `method` varchar(50) COLLATE utf8mb4_unicode_ci NOT NULL DEFAULT '',
  `hook` varchar(50) COLLATE utf8mb4_unicode_ci NOT NULL DEFAULT '',
  `settings` text COLLATE utf8mb4_unicode_ci NOT NULL,
  `priority` int(2) NOT NULL DEFAULT 10,
  `version` varchar(10) COLLATE utf8mb4_unicode_ci NOT NULL DEFAULT '',
  `enabled` char(1) COLLATE utf8mb4_unicode_ci NOT NULL DEFAULT 'y',
  PRIMARY KEY (`extension_id`)
) ENGINE=InnoDB AUTO_INCREMENT=2 DEFAULT CHARSET=utf8mb4 COLLATE=utf8mb4_unicode_ci;

CREATE TABLE `exp_field_groups` (
  `group_id` int(4) unsigned NOT NULL AUTO_INCREMENT,
  `site_id` int(4) unsigned DEFAULT 1,
  `group_name` varchar(50) COLLATE utf8mb4_unicode_ci NOT NULL,
  PRIMARY KEY (`group_id`),
  KEY `site_id` (`site_id`)
) ENGINE=InnoDB AUTO_INCREMENT=4 DEFAULT CHARSET=utf8mb4 COLLATE=utf8mb4_unicode_ci;

CREATE TABLE `exp_fieldtypes` (
  `fieldtype_id` int(4) unsigned NOT NULL AUTO_INCREMENT,
  `name` varchar(50) COLLATE utf8mb4_unicode_ci NOT NULL,
  `version` varchar(12) COLLATE utf8mb4_unicode_ci NOT NULL,
  `settings` text COLLATE utf8mb4_unicode_ci DEFAULT NULL,
  `has_global_settings` char(1) COLLATE utf8mb4_unicode_ci DEFAULT 'n',
  PRIMARY KEY (`fieldtype_id`)
) ENGINE=InnoDB AUTO_INCREMENT=19 DEFAULT CHARSET=utf8mb4 COLLATE=utf8mb4_unicode_ci;

CREATE TABLE `exp_file_categories` (
  `file_id` int(10) unsigned NOT NULL,
  `cat_id` int(10) unsigned NOT NULL,
  `sort` int(10) unsigned DEFAULT 0,
  `is_cover` char(1) COLLATE utf8mb4_unicode_ci DEFAULT 'n',
  PRIMARY KEY (`file_id`,`cat_id`),
  KEY `cat_id` (`cat_id`)
) ENGINE=InnoDB DEFAULT CHARSET=utf8mb4 COLLATE=utf8mb4_unicode_ci;

CREATE TABLE `exp_file_dimensions` (
  `id` int(10) unsigned NOT NULL AUTO_INCREMENT,
  `site_id` int(4) unsigned NOT NULL DEFAULT 1,
  `upload_location_id` int(4) unsigned DEFAULT NULL,
  `title` varchar(255) COLLATE utf8mb4_unicode_ci DEFAULT '',
  `short_name` varchar(255) COLLATE utf8mb4_unicode_ci DEFAULT '',
  `resize_type` varchar(50) COLLATE utf8mb4_unicode_ci DEFAULT '',
  `width` int(10) DEFAULT 0,
  `height` int(10) DEFAULT 0,
  `quality` tinyint(1) unsigned DEFAULT 90,
  `watermark_id` int(4) unsigned DEFAULT NULL,
  PRIMARY KEY (`id`),
  KEY `upload_location_id` (`upload_location_id`)
) ENGINE=InnoDB DEFAULT CHARSET=utf8mb4 COLLATE=utf8mb4_unicode_ci;

CREATE TABLE `exp_file_watermarks` (
  `wm_id` int(4) unsigned NOT NULL AUTO_INCREMENT,
  `wm_name` varchar(80) COLLATE utf8mb4_unicode_ci DEFAULT NULL,
  `wm_type` varchar(10) COLLATE utf8mb4_unicode_ci DEFAULT 'text',
  `wm_image_path` varchar(100) COLLATE utf8mb4_unicode_ci DEFAULT NULL,
  `wm_test_image_path` varchar(100) COLLATE utf8mb4_unicode_ci DEFAULT NULL,
  `wm_use_font` char(1) COLLATE utf8mb4_unicode_ci DEFAULT 'y',
  `wm_font` varchar(30) COLLATE utf8mb4_unicode_ci DEFAULT NULL,
  `wm_font_size` int(3) unsigned DEFAULT NULL,
  `wm_text` varchar(100) COLLATE utf8mb4_unicode_ci DEFAULT NULL,
  `wm_vrt_alignment` varchar(10) COLLATE utf8mb4_unicode_ci DEFAULT 'top',
  `wm_hor_alignment` varchar(10) COLLATE utf8mb4_unicode_ci DEFAULT 'left',
  `wm_padding` int(3) unsigned DEFAULT NULL,
  `wm_opacity` int(3) unsigned DEFAULT NULL,
  `wm_hor_offset` int(4) unsigned DEFAULT NULL,
  `wm_vrt_offset` int(4) unsigned DEFAULT NULL,
  `wm_x_transp` int(4) DEFAULT NULL,
  `wm_y_transp` int(4) DEFAULT NULL,
  `wm_font_color` varchar(7) COLLATE utf8mb4_unicode_ci DEFAULT NULL,
  `wm_use_drop_shadow` char(1) COLLATE utf8mb4_unicode_ci DEFAULT 'y',
  `wm_shadow_distance` int(3) unsigned DEFAULT NULL,
  `wm_shadow_color` varchar(7) COLLATE utf8mb4_unicode_ci DEFAULT NULL,
  PRIMARY KEY (`wm_id`)
) ENGINE=InnoDB DEFAULT CHARSET=utf8mb4 COLLATE=utf8mb4_unicode_ci;

CREATE TABLE `exp_files` (
  `file_id` int(10) unsigned NOT NULL AUTO_INCREMENT,
  `site_id` int(4) unsigned DEFAULT 1,
  `title` varchar(255) COLLATE utf8mb4_unicode_ci DEFAULT NULL,
  `upload_location_id` int(4) unsigned DEFAULT 0,
  `mime_type` varchar(255) COLLATE utf8mb4_unicode_ci DEFAULT NULL,
  `file_name` varchar(255) COLLATE utf8mb4_unicode_ci DEFAULT NULL,
  `file_size` int(10) DEFAULT 0,
  `description` text COLLATE utf8mb4_unicode_ci DEFAULT NULL,
  `credit` varchar(255) COLLATE utf8mb4_unicode_ci DEFAULT NULL,
  `location` varchar(255) COLLATE utf8mb4_unicode_ci DEFAULT NULL,
  `uploaded_by_member_id` int(10) unsigned DEFAULT 0,
  `upload_date` int(10) DEFAULT NULL,
  `modified_by_member_id` int(10) unsigned DEFAULT 0,
  `modified_date` int(10) DEFAULT NULL,
  `file_hw_original` varchar(20) COLLATE utf8mb4_unicode_ci NOT NULL DEFAULT '',
  PRIMARY KEY (`file_id`),
  KEY `upload_location_id` (`upload_location_id`),
  KEY `site_id` (`site_id`)
) ENGINE=InnoDB AUTO_INCREMENT=4 DEFAULT CHARSET=utf8mb4 COLLATE=utf8mb4_unicode_ci;

CREATE TABLE `exp_fluid_field_data` (
  `id` int(11) unsigned NOT NULL AUTO_INCREMENT,
  `fluid_field_id` int(11) unsigned NOT NULL,
  `entry_id` int(11) unsigned NOT NULL,
  `field_id` int(11) unsigned NOT NULL,
  `field_data_id` int(11) unsigned NOT NULL,
  `order` int(5) unsigned NOT NULL DEFAULT 0,
  PRIMARY KEY (`id`),
  KEY `fluid_field_id_entry_id` (`fluid_field_id`,`entry_id`)
) ENGINE=InnoDB DEFAULT CHARSET=utf8mb4 COLLATE=utf8mb4_unicode_ci;

CREATE TABLE `exp_global_variables` (
  `variable_id` int(6) unsigned NOT NULL AUTO_INCREMENT,
  `site_id` int(4) unsigned NOT NULL DEFAULT 1,
  `variable_name` varchar(50) COLLATE utf8mb4_unicode_ci NOT NULL,
  `variable_data` text COLLATE utf8mb4_unicode_ci NOT NULL,
  `edit_date` int(10) NOT NULL DEFAULT 0,
  PRIMARY KEY (`variable_id`),
  KEY `variable_name` (`variable_name`),
  KEY `site_id` (`site_id`)
) ENGINE=InnoDB AUTO_INCREMENT=2 DEFAULT CHARSET=utf8mb4 COLLATE=utf8mb4_unicode_ci;

CREATE TABLE `exp_grid_columns` (
  `col_id` int(10) unsigned NOT NULL AUTO_INCREMENT,
  `field_id` int(10) unsigned DEFAULT NULL,
  `content_type` varchar(50) COLLATE utf8mb4_unicode_ci DEFAULT NULL,
  `col_order` int(3) unsigned DEFAULT NULL,
  `col_type` varchar(50) COLLATE utf8mb4_unicode_ci DEFAULT NULL,
  `col_label` varchar(50) COLLATE utf8mb4_unicode_ci DEFAULT NULL,
  `col_name` varchar(32) COLLATE utf8mb4_unicode_ci DEFAULT NULL,
  `col_instructions` text COLLATE utf8mb4_unicode_ci DEFAULT NULL,
  `col_required` char(1) COLLATE utf8mb4_unicode_ci DEFAULT NULL,
  `col_search` char(1) COLLATE utf8mb4_unicode_ci DEFAULT NULL,
  `col_width` int(3) unsigned DEFAULT NULL,
  `col_settings` text COLLATE utf8mb4_unicode_ci DEFAULT NULL,
  PRIMARY KEY (`col_id`),
  KEY `field_id` (`field_id`)
) ENGINE=InnoDB DEFAULT CHARSET=utf8mb4 COLLATE=utf8mb4_unicode_ci;

CREATE TABLE `exp_html_buttons` (
  `id` int(10) unsigned NOT NULL AUTO_INCREMENT,
  `site_id` int(4) unsigned NOT NULL DEFAULT 1,
  `member_id` int(10) NOT NULL DEFAULT 0,
  `tag_name` varchar(32) COLLATE utf8mb4_unicode_ci NOT NULL,
  `tag_open` varchar(120) COLLATE utf8mb4_unicode_ci NOT NULL,
  `tag_close` varchar(120) COLLATE utf8mb4_unicode_ci NOT NULL,
  `accesskey` varchar(32) COLLATE utf8mb4_unicode_ci NOT NULL,
  `tag_order` int(3) unsigned NOT NULL,
  `tag_row` char(1) COLLATE utf8mb4_unicode_ci NOT NULL DEFAULT '1',
  `classname` varchar(20) COLLATE utf8mb4_unicode_ci DEFAULT NULL,
  PRIMARY KEY (`id`),
  KEY `site_id` (`site_id`)
) ENGINE=InnoDB AUTO_INCREMENT=6 DEFAULT CHARSET=utf8mb4 COLLATE=utf8mb4_unicode_ci;

CREATE TABLE `exp_layout_publish` (
  `layout_id` int(10) unsigned NOT NULL AUTO_INCREMENT,
  `site_id` int(4) unsigned NOT NULL DEFAULT 1,
  `channel_id` int(4) unsigned NOT NULL DEFAULT 0,
  `layout_name` varchar(50) COLLATE utf8mb4_unicode_ci NOT NULL,
  `field_layout` text COLLATE utf8mb4_unicode_ci DEFAULT NULL,
  PRIMARY KEY (`layout_id`),
  KEY `site_id` (`site_id`),
  KEY `channel_id` (`channel_id`)
) ENGINE=InnoDB DEFAULT CHARSET=utf8mb4 COLLATE=utf8mb4_unicode_ci;

CREATE TABLE `exp_layout_publish_member_roles` (
  `layout_id` int(10) unsigned NOT NULL,
  `role_id` int(10) unsigned NOT NULL,
  PRIMARY KEY (`layout_id`,`role_id`)
) ENGINE=InnoDB DEFAULT CHARSET=utf8mb4 COLLATE=utf8mb4_unicode_ci;

CREATE TABLE `exp_member_bulletin_board` (
  `bulletin_id` int(10) unsigned NOT NULL AUTO_INCREMENT,
  `sender_id` int(10) unsigned NOT NULL,
  `bulletin_group` int(8) unsigned NOT NULL,
  `bulletin_date` int(10) unsigned NOT NULL,
  `hash` varchar(10) COLLATE utf8mb4_unicode_ci NOT NULL DEFAULT '',
  `bulletin_expires` int(10) unsigned NOT NULL DEFAULT 0,
  `bulletin_message` text COLLATE utf8mb4_unicode_ci NOT NULL,
  PRIMARY KEY (`bulletin_id`),
  KEY `sender_id` (`sender_id`),
  KEY `hash` (`hash`)
) ENGINE=InnoDB DEFAULT CHARSET=utf8mb4 COLLATE=utf8mb4_unicode_ci;

CREATE TABLE `exp_member_data` (
  `member_id` int(10) unsigned NOT NULL,
  PRIMARY KEY (`member_id`)
) ENGINE=InnoDB DEFAULT CHARSET=utf8mb4 COLLATE=utf8mb4_unicode_ci;

CREATE TABLE `exp_member_fields` (
  `m_field_id` int(4) unsigned NOT NULL AUTO_INCREMENT,
  `m_field_name` varchar(32) COLLATE utf8mb4_unicode_ci NOT NULL,
  `m_field_label` varchar(50) COLLATE utf8mb4_unicode_ci NOT NULL,
  `m_field_description` text COLLATE utf8mb4_unicode_ci NOT NULL,
  `m_field_type` varchar(12) COLLATE utf8mb4_unicode_ci NOT NULL DEFAULT 'text',
  `m_field_list_items` text COLLATE utf8mb4_unicode_ci NOT NULL,
  `m_field_ta_rows` tinyint(2) DEFAULT 8,
  `m_field_maxl` smallint(3) DEFAULT NULL,
  `m_field_width` varchar(6) COLLATE utf8mb4_unicode_ci DEFAULT NULL,
  `m_field_search` char(1) COLLATE utf8mb4_unicode_ci NOT NULL DEFAULT 'y',
  `m_field_required` char(1) COLLATE utf8mb4_unicode_ci NOT NULL DEFAULT 'n',
  `m_field_public` char(1) COLLATE utf8mb4_unicode_ci NOT NULL DEFAULT 'y',
  `m_field_reg` char(1) COLLATE utf8mb4_unicode_ci NOT NULL DEFAULT 'n',
  `m_field_cp_reg` char(1) COLLATE utf8mb4_unicode_ci NOT NULL DEFAULT 'n',
  `m_field_fmt` varchar(40) COLLATE utf8mb4_unicode_ci NOT NULL DEFAULT 'none',
  `m_field_show_fmt` char(1) COLLATE utf8mb4_unicode_ci NOT NULL DEFAULT 'y',
  `m_field_exclude_from_anon` char(1) COLLATE utf8mb4_unicode_ci NOT NULL DEFAULT 'n',
  `m_field_order` int(3) unsigned DEFAULT NULL,
  `m_field_text_direction` char(3) COLLATE utf8mb4_unicode_ci DEFAULT 'ltr',
  `m_field_settings` text COLLATE utf8mb4_unicode_ci DEFAULT NULL,
  `m_legacy_field_data` char(1) COLLATE utf8mb4_unicode_ci NOT NULL DEFAULT 'n',
  PRIMARY KEY (`m_field_id`)
) ENGINE=InnoDB DEFAULT CHARSET=utf8mb4 COLLATE=utf8mb4_unicode_ci;

CREATE TABLE `exp_member_news_views` (
  `news_id` int(10) unsigned NOT NULL AUTO_INCREMENT,
  `version` varchar(10) COLLATE utf8mb4_unicode_ci DEFAULT NULL,
  `member_id` int(10) unsigned NOT NULL DEFAULT 0,
  PRIMARY KEY (`news_id`),
  KEY `member_id` (`member_id`)
) ENGINE=InnoDB AUTO_INCREMENT=2 DEFAULT CHARSET=utf8mb4 COLLATE=utf8mb4_unicode_ci;

CREATE TABLE `exp_member_search` (
  `search_id` varchar(32) COLLATE utf8mb4_unicode_ci NOT NULL,
  `site_id` int(4) unsigned NOT NULL DEFAULT 1,
  `search_date` int(10) unsigned NOT NULL,
  `keywords` varchar(200) COLLATE utf8mb4_unicode_ci NOT NULL,
  `fields` varchar(200) COLLATE utf8mb4_unicode_ci NOT NULL,
  `member_id` int(10) unsigned NOT NULL,
  `ip_address` varchar(45) COLLATE utf8mb4_unicode_ci NOT NULL DEFAULT '0',
  `total_results` int(8) unsigned NOT NULL,
  `query` text COLLATE utf8mb4_unicode_ci NOT NULL,
  PRIMARY KEY (`search_id`),
  KEY `member_id` (`member_id`),
  KEY `site_id` (`site_id`)
) ENGINE=InnoDB DEFAULT CHARSET=utf8mb4 COLLATE=utf8mb4_unicode_ci;

CREATE TABLE `exp_members` (
  `member_id` int(10) unsigned NOT NULL AUTO_INCREMENT,
  `role_id` int(10) NOT NULL DEFAULT 0,
  `username` varchar(75) COLLATE utf8mb4_unicode_ci NOT NULL,
  `screen_name` varchar(75) COLLATE utf8mb4_unicode_ci NOT NULL,
  `password` varchar(128) COLLATE utf8mb4_unicode_ci NOT NULL DEFAULT '',
  `salt` varchar(128) COLLATE utf8mb4_unicode_ci NOT NULL DEFAULT '',
  `unique_id` varchar(40) COLLATE utf8mb4_unicode_ci NOT NULL,
  `crypt_key` varchar(40) COLLATE utf8mb4_unicode_ci DEFAULT NULL,
  `authcode` varchar(10) COLLATE utf8mb4_unicode_ci DEFAULT NULL,
  `email` varchar(75) COLLATE utf8mb4_unicode_ci NOT NULL,
  `signature` text COLLATE utf8mb4_unicode_ci DEFAULT NULL,
  `avatar_filename` varchar(120) COLLATE utf8mb4_unicode_ci DEFAULT NULL,
  `avatar_width` int(4) unsigned DEFAULT NULL,
  `avatar_height` int(4) unsigned DEFAULT NULL,
  `photo_filename` varchar(120) COLLATE utf8mb4_unicode_ci DEFAULT NULL,
  `photo_width` int(4) unsigned DEFAULT NULL,
  `photo_height` int(4) unsigned DEFAULT NULL,
  `sig_img_filename` varchar(120) COLLATE utf8mb4_unicode_ci DEFAULT NULL,
  `sig_img_width` int(4) unsigned DEFAULT NULL,
  `sig_img_height` int(4) unsigned DEFAULT NULL,
  `ignore_list` text COLLATE utf8mb4_unicode_ci DEFAULT NULL,
  `private_messages` int(4) unsigned NOT NULL DEFAULT 0,
  `accept_messages` char(1) COLLATE utf8mb4_unicode_ci NOT NULL DEFAULT 'y',
  `last_view_bulletins` int(10) NOT NULL DEFAULT 0,
  `last_bulletin_date` int(10) NOT NULL DEFAULT 0,
  `ip_address` varchar(45) COLLATE utf8mb4_unicode_ci NOT NULL DEFAULT '0',
  `join_date` int(10) unsigned NOT NULL DEFAULT 0,
  `last_visit` int(10) unsigned NOT NULL DEFAULT 0,
  `last_activity` int(10) unsigned NOT NULL DEFAULT 0,
  `total_entries` mediumint(8) unsigned NOT NULL DEFAULT 0,
  `total_comments` mediumint(8) unsigned NOT NULL DEFAULT 0,
  `total_forum_topics` mediumint(8) NOT NULL DEFAULT 0,
  `total_forum_posts` mediumint(8) NOT NULL DEFAULT 0,
  `last_entry_date` int(10) unsigned NOT NULL DEFAULT 0,
  `last_comment_date` int(10) unsigned NOT NULL DEFAULT 0,
  `last_forum_post_date` int(10) unsigned NOT NULL DEFAULT 0,
  `last_email_date` int(10) unsigned NOT NULL DEFAULT 0,
  `in_authorlist` char(1) COLLATE utf8mb4_unicode_ci NOT NULL DEFAULT 'n',
  `accept_admin_email` char(1) COLLATE utf8mb4_unicode_ci NOT NULL DEFAULT 'y',
  `accept_user_email` char(1) COLLATE utf8mb4_unicode_ci NOT NULL DEFAULT 'y',
  `notify_by_default` char(1) COLLATE utf8mb4_unicode_ci NOT NULL DEFAULT 'y',
  `notify_of_pm` char(1) COLLATE utf8mb4_unicode_ci NOT NULL DEFAULT 'y',
  `display_signatures` char(1) COLLATE utf8mb4_unicode_ci NOT NULL DEFAULT 'y',
  `parse_smileys` char(1) COLLATE utf8mb4_unicode_ci NOT NULL DEFAULT 'y',
  `smart_notifications` char(1) COLLATE utf8mb4_unicode_ci NOT NULL DEFAULT 'y',
  `language` varchar(50) COLLATE utf8mb4_unicode_ci NOT NULL,
  `timezone` varchar(50) COLLATE utf8mb4_unicode_ci DEFAULT NULL,
  `time_format` char(2) COLLATE utf8mb4_unicode_ci DEFAULT NULL,
  `date_format` varchar(8) COLLATE utf8mb4_unicode_ci DEFAULT NULL,
  `include_seconds` char(1) COLLATE utf8mb4_unicode_ci DEFAULT NULL,
  `profile_theme` varchar(32) COLLATE utf8mb4_unicode_ci DEFAULT NULL,
  `forum_theme` varchar(32) COLLATE utf8mb4_unicode_ci DEFAULT NULL,
  `tracker` text COLLATE utf8mb4_unicode_ci DEFAULT NULL,
  `template_size` varchar(2) COLLATE utf8mb4_unicode_ci NOT NULL DEFAULT '28',
  `notepad` text COLLATE utf8mb4_unicode_ci DEFAULT NULL,
  `notepad_size` varchar(2) COLLATE utf8mb4_unicode_ci NOT NULL DEFAULT '18',
  `bookmarklets` text COLLATE utf8mb4_unicode_ci DEFAULT NULL,
  `quick_links` text COLLATE utf8mb4_unicode_ci DEFAULT NULL,
  `quick_tabs` text COLLATE utf8mb4_unicode_ci DEFAULT NULL,
  `show_sidebar` char(1) COLLATE utf8mb4_unicode_ci NOT NULL DEFAULT 'n',
  `pmember_id` int(10) NOT NULL DEFAULT 0,
  `cp_homepage` varchar(20) COLLATE utf8mb4_unicode_ci DEFAULT NULL,
  `cp_homepage_channel` varchar(255) COLLATE utf8mb4_unicode_ci DEFAULT NULL,
  `cp_homepage_custom` varchar(100) COLLATE utf8mb4_unicode_ci DEFAULT NULL,
  PRIMARY KEY (`member_id`),
  KEY `role_id` (`role_id`),
  KEY `unique_id` (`unique_id`),
  KEY `password` (`password`)
) ENGINE=InnoDB AUTO_INCREMENT=2 DEFAULT CHARSET=utf8mb4 COLLATE=utf8mb4_unicode_ci;

CREATE TABLE `exp_members_role_groups` (
  `member_id` int(10) unsigned NOT NULL,
  `group_id` int(10) unsigned NOT NULL,
  PRIMARY KEY (`member_id`,`group_id`)
) ENGINE=InnoDB DEFAULT CHARSET=utf8mb4 COLLATE=utf8mb4_unicode_ci;

CREATE TABLE `exp_members_roles` (
  `member_id` int(10) unsigned NOT NULL,
  `role_id` int(10) unsigned NOT NULL,
  PRIMARY KEY (`member_id`,`role_id`)
) ENGINE=InnoDB DEFAULT CHARSET=utf8mb4 COLLATE=utf8mb4_unicode_ci;

CREATE TABLE `exp_menu_items` (
  `item_id` int(10) unsigned NOT NULL AUTO_INCREMENT,
  `parent_id` int(10) NOT NULL DEFAULT 0,
  `set_id` int(10) DEFAULT NULL,
  `name` varchar(50) COLLATE utf8mb4_unicode_ci DEFAULT NULL,
  `data` varchar(255) COLLATE utf8mb4_unicode_ci DEFAULT NULL,
  `type` varchar(10) COLLATE utf8mb4_unicode_ci DEFAULT NULL,
  `sort` int(5) NOT NULL DEFAULT 0,
  PRIMARY KEY (`item_id`),
  KEY `set_id` (`set_id`)
) ENGINE=InnoDB DEFAULT CHARSET=utf8mb4 COLLATE=utf8mb4_unicode_ci;

CREATE TABLE `exp_menu_sets` (
  `set_id` int(10) unsigned NOT NULL AUTO_INCREMENT,
  `name` varchar(50) COLLATE utf8mb4_unicode_ci DEFAULT NULL,
  PRIMARY KEY (`set_id`)
) ENGINE=InnoDB AUTO_INCREMENT=2 DEFAULT CHARSET=utf8mb4 COLLATE=utf8mb4_unicode_ci;

CREATE TABLE `exp_message_attachments` (
  `attachment_id` int(10) unsigned NOT NULL AUTO_INCREMENT,
  `sender_id` int(10) unsigned NOT NULL DEFAULT 0,
  `message_id` int(10) unsigned NOT NULL DEFAULT 0,
  `attachment_name` varchar(50) COLLATE utf8mb4_unicode_ci NOT NULL DEFAULT '',
  `attachment_hash` varchar(40) COLLATE utf8mb4_unicode_ci NOT NULL DEFAULT '',
  `attachment_extension` varchar(20) COLLATE utf8mb4_unicode_ci NOT NULL DEFAULT '',
  `attachment_location` varchar(150) COLLATE utf8mb4_unicode_ci NOT NULL DEFAULT '',
  `attachment_date` int(10) unsigned NOT NULL DEFAULT 0,
  `attachment_size` int(10) unsigned NOT NULL DEFAULT 0,
  `is_temp` char(1) COLLATE utf8mb4_unicode_ci NOT NULL DEFAULT 'y',
  PRIMARY KEY (`attachment_id`)
) ENGINE=InnoDB DEFAULT CHARSET=utf8mb4 COLLATE=utf8mb4_unicode_ci;

CREATE TABLE `exp_message_copies` (
  `copy_id` int(10) unsigned NOT NULL AUTO_INCREMENT,
  `message_id` int(10) unsigned NOT NULL DEFAULT 0,
  `sender_id` int(10) unsigned NOT NULL DEFAULT 0,
  `recipient_id` int(10) unsigned NOT NULL DEFAULT 0,
  `message_received` char(1) COLLATE utf8mb4_unicode_ci NOT NULL DEFAULT 'n',
  `message_read` char(1) COLLATE utf8mb4_unicode_ci NOT NULL DEFAULT 'n',
  `message_time_read` int(10) unsigned NOT NULL DEFAULT 0,
  `attachment_downloaded` char(1) COLLATE utf8mb4_unicode_ci NOT NULL DEFAULT 'n',
  `message_folder` int(10) unsigned NOT NULL DEFAULT 1,
  `message_authcode` varchar(10) COLLATE utf8mb4_unicode_ci NOT NULL DEFAULT '',
  `message_deleted` char(1) COLLATE utf8mb4_unicode_ci NOT NULL DEFAULT 'n',
  `message_status` varchar(10) COLLATE utf8mb4_unicode_ci NOT NULL DEFAULT '',
  PRIMARY KEY (`copy_id`),
  KEY `message_id` (`message_id`),
  KEY `recipient_id` (`recipient_id`),
  KEY `sender_id` (`sender_id`)
) ENGINE=InnoDB DEFAULT CHARSET=utf8mb4 COLLATE=utf8mb4_unicode_ci;

CREATE TABLE `exp_message_data` (
  `message_id` int(10) unsigned NOT NULL AUTO_INCREMENT,
  `sender_id` int(10) unsigned NOT NULL DEFAULT 0,
  `message_date` int(10) unsigned NOT NULL DEFAULT 0,
  `message_subject` varchar(255) COLLATE utf8mb4_unicode_ci NOT NULL DEFAULT '',
  `message_body` text COLLATE utf8mb4_unicode_ci NOT NULL,
  `message_tracking` char(1) COLLATE utf8mb4_unicode_ci NOT NULL DEFAULT 'y',
  `message_attachments` char(1) COLLATE utf8mb4_unicode_ci NOT NULL DEFAULT 'n',
  `message_recipients` varchar(200) COLLATE utf8mb4_unicode_ci NOT NULL DEFAULT '',
  `message_cc` varchar(200) COLLATE utf8mb4_unicode_ci NOT NULL DEFAULT '',
  `message_hide_cc` char(1) COLLATE utf8mb4_unicode_ci NOT NULL DEFAULT 'n',
  `message_sent_copy` char(1) COLLATE utf8mb4_unicode_ci NOT NULL DEFAULT 'n',
  `total_recipients` int(5) unsigned NOT NULL DEFAULT 0,
  `message_status` varchar(25) COLLATE utf8mb4_unicode_ci NOT NULL DEFAULT '',
  PRIMARY KEY (`message_id`),
  KEY `sender_id` (`sender_id`)
) ENGINE=InnoDB DEFAULT CHARSET=utf8mb4 COLLATE=utf8mb4_unicode_ci;

CREATE TABLE `exp_message_folders` (
  `member_id` int(10) unsigned NOT NULL DEFAULT 0,
  `folder1_name` varchar(50) COLLATE utf8mb4_unicode_ci NOT NULL DEFAULT 'InBox',
  `folder2_name` varchar(50) COLLATE utf8mb4_unicode_ci NOT NULL DEFAULT 'Sent',
  `folder3_name` varchar(50) COLLATE utf8mb4_unicode_ci NOT NULL DEFAULT '',
  `folder4_name` varchar(50) COLLATE utf8mb4_unicode_ci NOT NULL DEFAULT '',
  `folder5_name` varchar(50) COLLATE utf8mb4_unicode_ci NOT NULL DEFAULT '',
  `folder6_name` varchar(50) COLLATE utf8mb4_unicode_ci NOT NULL DEFAULT '',
  `folder7_name` varchar(50) COLLATE utf8mb4_unicode_ci NOT NULL DEFAULT '',
  `folder8_name` varchar(50) COLLATE utf8mb4_unicode_ci NOT NULL DEFAULT '',
  `folder9_name` varchar(50) COLLATE utf8mb4_unicode_ci NOT NULL DEFAULT '',
  `folder10_name` varchar(50) COLLATE utf8mb4_unicode_ci NOT NULL DEFAULT '',
  PRIMARY KEY (`member_id`)
) ENGINE=InnoDB DEFAULT CHARSET=utf8mb4 COLLATE=utf8mb4_unicode_ci;

CREATE TABLE `exp_message_listed` (
  `listed_id` int(10) unsigned NOT NULL AUTO_INCREMENT,
  `member_id` int(10) unsigned NOT NULL DEFAULT 0,
  `listed_member` int(10) unsigned NOT NULL DEFAULT 0,
  `listed_description` varchar(100) COLLATE utf8mb4_unicode_ci NOT NULL DEFAULT '',
  `listed_type` varchar(10) COLLATE utf8mb4_unicode_ci NOT NULL DEFAULT 'blocked',
  PRIMARY KEY (`listed_id`)
) ENGINE=InnoDB DEFAULT CHARSET=utf8mb4 COLLATE=utf8mb4_unicode_ci;

CREATE TABLE `exp_module_member_roles` (
  `role_id` int(10) unsigned NOT NULL,
  `module_id` mediumint(5) unsigned NOT NULL,
  PRIMARY KEY (`role_id`,`module_id`)
) ENGINE=InnoDB DEFAULT CHARSET=utf8mb4 COLLATE=utf8mb4_unicode_ci;

CREATE TABLE `exp_modules` (
  `module_id` int(4) unsigned NOT NULL AUTO_INCREMENT,
  `module_name` varchar(50) COLLATE utf8mb4_unicode_ci NOT NULL,
  `module_version` varchar(12) COLLATE utf8mb4_unicode_ci NOT NULL,
  `has_cp_backend` char(1) COLLATE utf8mb4_unicode_ci NOT NULL DEFAULT 'n',
  `has_publish_fields` char(1) COLLATE utf8mb4_unicode_ci NOT NULL DEFAULT 'n',
  PRIMARY KEY (`module_id`)
) ENGINE=InnoDB AUTO_INCREMENT=11 DEFAULT CHARSET=utf8mb4 COLLATE=utf8mb4_unicode_ci;

CREATE TABLE `exp_online_users` (
  `online_id` int(10) unsigned NOT NULL AUTO_INCREMENT,
  `site_id` int(4) unsigned NOT NULL DEFAULT 1,
  `member_id` int(10) NOT NULL DEFAULT 0,
  `in_forum` char(1) COLLATE utf8mb4_unicode_ci NOT NULL DEFAULT 'n',
  `name` varchar(50) COLLATE utf8mb4_unicode_ci NOT NULL DEFAULT '0',
  `ip_address` varchar(45) COLLATE utf8mb4_unicode_ci NOT NULL DEFAULT '0',
  `date` int(10) unsigned NOT NULL DEFAULT 0,
  `anon` char(1) COLLATE utf8mb4_unicode_ci NOT NULL,
  PRIMARY KEY (`online_id`),
  KEY `date` (`date`),
  KEY `site_id` (`site_id`)
) ENGINE=InnoDB DEFAULT CHARSET=utf8mb4 COLLATE=utf8mb4_unicode_ci;

CREATE TABLE `exp_password_lockout` (
  `lockout_id` int(10) unsigned NOT NULL AUTO_INCREMENT,
  `login_date` int(10) unsigned NOT NULL,
  `ip_address` varchar(45) COLLATE utf8mb4_unicode_ci NOT NULL DEFAULT '0',
  `user_agent` varchar(120) COLLATE utf8mb4_unicode_ci NOT NULL,
  `username` varchar(75) COLLATE utf8mb4_unicode_ci NOT NULL,
  PRIMARY KEY (`lockout_id`),
  KEY `login_date` (`login_date`),
  KEY `ip_address` (`ip_address`),
  KEY `user_agent` (`user_agent`)
) ENGINE=InnoDB AUTO_INCREMENT=6 DEFAULT CHARSET=utf8mb4 COLLATE=utf8mb4_unicode_ci;

CREATE TABLE `exp_permissions` (
  `permission_id` int(10) unsigned NOT NULL AUTO_INCREMENT,
  `role_id` int(10) unsigned NOT NULL,
  `site_id` int(5) unsigned NOT NULL,
  `permission` varchar(64) COLLATE utf8mb4_unicode_ci NOT NULL,
  PRIMARY KEY (`permission_id`),
  KEY `role_id_site_id` (`role_id`,`site_id`)
) ENGINE=InnoDB AUTO_INCREMENT=100 DEFAULT CHARSET=utf8mb4 COLLATE=utf8mb4_unicode_ci;

CREATE TABLE `exp_plugins` (
  `plugin_id` int(10) unsigned NOT NULL AUTO_INCREMENT,
  `plugin_name` varchar(50) COLLATE utf8mb4_unicode_ci NOT NULL,
  `plugin_package` varchar(50) COLLATE utf8mb4_unicode_ci NOT NULL,
  `plugin_version` varchar(12) COLLATE utf8mb4_unicode_ci NOT NULL,
  `is_typography_related` char(1) COLLATE utf8mb4_unicode_ci NOT NULL DEFAULT 'n',
  PRIMARY KEY (`plugin_id`)
) ENGINE=InnoDB DEFAULT CHARSET=utf8mb4 COLLATE=utf8mb4_unicode_ci;

CREATE TABLE `exp_relationships` (
  `relationship_id` int(6) unsigned NOT NULL AUTO_INCREMENT,
  `parent_id` int(10) unsigned NOT NULL DEFAULT 0,
  `child_id` int(10) unsigned NOT NULL DEFAULT 0,
  `field_id` int(10) unsigned NOT NULL DEFAULT 0,
  `fluid_field_data_id` int(10) unsigned NOT NULL DEFAULT 0,
  `grid_field_id` int(10) unsigned NOT NULL DEFAULT 0,
  `grid_col_id` int(10) unsigned NOT NULL DEFAULT 0,
  `grid_row_id` int(10) unsigned NOT NULL DEFAULT 0,
  `order` int(10) unsigned NOT NULL DEFAULT 0,
  PRIMARY KEY (`relationship_id`),
  KEY `parent_id` (`parent_id`),
  KEY `child_id` (`child_id`),
  KEY `field_id` (`field_id`),
  KEY `fluid_field_data_id` (`fluid_field_data_id`),
  KEY `grid_row_id` (`grid_row_id`)
) ENGINE=InnoDB AUTO_INCREMENT=5 DEFAULT CHARSET=utf8mb4 COLLATE=utf8mb4_unicode_ci;

CREATE TABLE `exp_remember_me` (
  `remember_me_id` varchar(40) COLLATE utf8mb4_unicode_ci NOT NULL DEFAULT '0',
  `member_id` int(10) DEFAULT 0,
  `ip_address` varchar(45) COLLATE utf8mb4_unicode_ci DEFAULT '0',
  `user_agent` varchar(120) COLLATE utf8mb4_unicode_ci DEFAULT '',
  `admin_sess` tinyint(1) DEFAULT 0,
  `site_id` int(4) DEFAULT 1,
  `expiration` int(10) DEFAULT 0,
  `last_refresh` int(10) DEFAULT 0,
  PRIMARY KEY (`remember_me_id`),
  KEY `member_id` (`member_id`)
) ENGINE=InnoDB DEFAULT CHARSET=utf8mb4 COLLATE=utf8mb4_unicode_ci;

CREATE TABLE `exp_reset_password` (
  `reset_id` int(10) unsigned NOT NULL AUTO_INCREMENT,
  `member_id` int(10) unsigned NOT NULL,
  `resetcode` varchar(12) COLLATE utf8mb4_unicode_ci NOT NULL,
  `date` int(10) NOT NULL,
  PRIMARY KEY (`reset_id`)
) ENGINE=InnoDB DEFAULT CHARSET=utf8mb4 COLLATE=utf8mb4_unicode_ci;

CREATE TABLE `exp_revision_tracker` (
  `tracker_id` int(10) unsigned NOT NULL AUTO_INCREMENT,
  `item_id` int(10) unsigned NOT NULL,
  `item_table` varchar(20) COLLATE utf8mb4_unicode_ci NOT NULL,
  `item_field` varchar(20) COLLATE utf8mb4_unicode_ci NOT NULL,
  `item_date` int(10) NOT NULL,
  `item_author_id` int(10) unsigned NOT NULL,
  `item_data` mediumtext COLLATE utf8mb4_unicode_ci NOT NULL,
  PRIMARY KEY (`tracker_id`),
  KEY `item_id` (`item_id`)
) ENGINE=InnoDB DEFAULT CHARSET=utf8mb4 COLLATE=utf8mb4_unicode_ci;

CREATE TABLE `exp_role_groups` (
  `group_id` int(10) unsigned NOT NULL AUTO_INCREMENT,
  `name` varchar(100) COLLATE utf8mb4_unicode_ci NOT NULL,
  PRIMARY KEY (`group_id`)
) ENGINE=InnoDB DEFAULT CHARSET=utf8mb4 COLLATE=utf8mb4_unicode_ci;

CREATE TABLE `exp_role_settings` (
  `id` int(10) unsigned NOT NULL AUTO_INCREMENT,
  `role_id` int(10) unsigned NOT NULL,
  `site_id` int(4) unsigned NOT NULL DEFAULT 1,
  `menu_set_id` int(5) unsigned NOT NULL DEFAULT 1,
  `mbr_delete_notify_emails` varchar(255) COLLATE utf8mb4_unicode_ci DEFAULT NULL,
  `exclude_from_moderation` char(1) COLLATE utf8mb4_unicode_ci NOT NULL DEFAULT 'n',
  `search_flood_control` mediumint(5) unsigned NOT NULL,
  `prv_msg_send_limit` smallint(5) unsigned NOT NULL DEFAULT 20,
  `prv_msg_storage_limit` smallint(5) unsigned NOT NULL DEFAULT 60,
  `include_in_authorlist` char(1) COLLATE utf8mb4_unicode_ci NOT NULL DEFAULT 'n',
  `include_in_memberlist` char(1) COLLATE utf8mb4_unicode_ci NOT NULL DEFAULT 'y',
  `cp_homepage` varchar(20) COLLATE utf8mb4_unicode_ci DEFAULT NULL,
  `cp_homepage_channel` int(10) unsigned NOT NULL DEFAULT 0,
  `cp_homepage_custom` varchar(100) COLLATE utf8mb4_unicode_ci DEFAULT NULL,
  PRIMARY KEY (`id`),
  KEY `role_id_site_id` (`role_id`,`site_id`)
) ENGINE=InnoDB AUTO_INCREMENT=6 DEFAULT CHARSET=utf8mb4 COLLATE=utf8mb4_unicode_ci;

CREATE TABLE `exp_roles` (
  `role_id` int(10) unsigned NOT NULL AUTO_INCREMENT,
  `name` varchar(100) COLLATE utf8mb4_unicode_ci NOT NULL,
  `short_name` varchar(50) COLLATE utf8mb4_unicode_ci NOT NULL,
  `description` text COLLATE utf8mb4_unicode_ci DEFAULT NULL,
  `is_locked` char(1) COLLATE utf8mb4_unicode_ci NOT NULL DEFAULT 'n',
  PRIMARY KEY (`role_id`)
) ENGINE=InnoDB AUTO_INCREMENT=6 DEFAULT CHARSET=utf8mb4 COLLATE=utf8mb4_unicode_ci;

CREATE TABLE `exp_roles_role_groups` (
  `role_id` int(10) unsigned NOT NULL,
  `group_id` int(10) unsigned NOT NULL,
  PRIMARY KEY (`role_id`,`group_id`)
) ENGINE=InnoDB DEFAULT CHARSET=utf8mb4 COLLATE=utf8mb4_unicode_ci;

CREATE TABLE `exp_rte_toolsets` (
  `toolset_id` int(6) unsigned NOT NULL AUTO_INCREMENT,
  `toolset_name` varchar(32) COLLATE utf8mb4_unicode_ci DEFAULT NULL,
  `settings` text COLLATE utf8mb4_unicode_ci DEFAULT NULL,
  PRIMARY KEY (`toolset_id`)
) ENGINE=InnoDB AUTO_INCREMENT=3 DEFAULT CHARSET=utf8mb4 COLLATE=utf8mb4_unicode_ci;

CREATE TABLE `exp_search` (
  `search_id` varchar(32) COLLATE utf8mb4_unicode_ci NOT NULL,
  `site_id` int(4) NOT NULL DEFAULT 1,
  `search_date` int(10) NOT NULL,
  `keywords` varchar(60) COLLATE utf8mb4_unicode_ci NOT NULL,
  `member_id` int(10) unsigned NOT NULL,
  `ip_address` varchar(45) COLLATE utf8mb4_unicode_ci NOT NULL,
  `total_results` int(6) NOT NULL,
  `per_page` tinyint(3) unsigned NOT NULL,
  `query` mediumtext COLLATE utf8mb4_unicode_ci DEFAULT NULL,
  `custom_fields` mediumtext COLLATE utf8mb4_unicode_ci DEFAULT NULL,
  `result_page` varchar(70) COLLATE utf8mb4_unicode_ci NOT NULL,
  PRIMARY KEY (`search_id`),
  KEY `site_id` (`site_id`)
) ENGINE=InnoDB DEFAULT CHARSET=utf8mb4 COLLATE=utf8mb4_unicode_ci;

CREATE TABLE `exp_search_log` (
  `id` int(10) NOT NULL AUTO_INCREMENT,
  `site_id` int(4) unsigned NOT NULL DEFAULT 1,
  `member_id` int(10) unsigned NOT NULL,
  `screen_name` varchar(50) COLLATE utf8mb4_unicode_ci NOT NULL,
  `ip_address` varchar(45) COLLATE utf8mb4_unicode_ci NOT NULL DEFAULT '0',
  `search_date` int(10) NOT NULL,
  `search_type` varchar(32) COLLATE utf8mb4_unicode_ci NOT NULL,
  `search_terms` varchar(200) COLLATE utf8mb4_unicode_ci NOT NULL,
  PRIMARY KEY (`id`),
  KEY `site_id` (`site_id`)
) ENGINE=InnoDB DEFAULT CHARSET=utf8mb4 COLLATE=utf8mb4_unicode_ci;

CREATE TABLE `exp_security_hashes` (
  `hash_id` int(10) unsigned NOT NULL AUTO_INCREMENT,
  `date` int(10) unsigned NOT NULL,
  `session_id` varchar(40) COLLATE utf8mb4_unicode_ci NOT NULL DEFAULT '0',
  `hash` varchar(40) COLLATE utf8mb4_unicode_ci NOT NULL,
  PRIMARY KEY (`hash_id`),
  KEY `session_id` (`session_id`)
) ENGINE=InnoDB AUTO_INCREMENT=11 DEFAULT CHARSET=utf8mb4 COLLATE=utf8mb4_unicode_ci;

CREATE TABLE `exp_sessions` (
  `session_id` varchar(40) COLLATE utf8mb4_unicode_ci NOT NULL DEFAULT '0',
  `member_id` int(10) NOT NULL DEFAULT 0,
  `admin_sess` tinyint(1) NOT NULL DEFAULT 0,
  `ip_address` varchar(45) COLLATE utf8mb4_unicode_ci NOT NULL DEFAULT '0',
  `user_agent` varchar(120) COLLATE utf8mb4_unicode_ci NOT NULL,
  `login_state` varchar(32) COLLATE utf8mb4_unicode_ci DEFAULT NULL,
  `fingerprint` varchar(40) COLLATE utf8mb4_unicode_ci NOT NULL,
  `sess_start` int(10) unsigned NOT NULL DEFAULT 0,
  `auth_timeout` int(10) unsigned NOT NULL DEFAULT 0,
  `last_activity` int(10) unsigned NOT NULL DEFAULT 0,
  `can_debug` char(1) COLLATE utf8mb4_unicode_ci NOT NULL DEFAULT 'n',
  PRIMARY KEY (`session_id`),
  KEY `member_id` (`member_id`),
  KEY `last_activity_idx` (`last_activity`)
) ENGINE=InnoDB DEFAULT CHARSET=utf8mb4 COLLATE=utf8mb4_unicode_ci;

CREATE TABLE `exp_sites` (
  `site_id` int(5) unsigned NOT NULL AUTO_INCREMENT,
  `site_label` varchar(100) COLLATE utf8mb4_unicode_ci NOT NULL DEFAULT '',
  `site_name` varchar(50) COLLATE utf8mb4_unicode_ci NOT NULL DEFAULT '',
  `site_description` text COLLATE utf8mb4_unicode_ci DEFAULT NULL,
  `site_bootstrap_checksums` text COLLATE utf8mb4_unicode_ci NOT NULL,
  `site_pages` mediumtext COLLATE utf8mb4_unicode_ci NOT NULL,
  PRIMARY KEY (`site_id`),
  KEY `site_name` (`site_name`)
) ENGINE=InnoDB AUTO_INCREMENT=2 DEFAULT CHARSET=utf8mb4 COLLATE=utf8mb4_unicode_ci;

CREATE TABLE `exp_snippets` (
  `snippet_id` int(10) unsigned NOT NULL AUTO_INCREMENT,
  `site_id` int(4) NOT NULL,
  `snippet_name` varchar(75) COLLATE utf8mb4_unicode_ci NOT NULL,
  `snippet_contents` text COLLATE utf8mb4_unicode_ci DEFAULT NULL,
  `edit_date` int(10) NOT NULL DEFAULT 0,
  PRIMARY KEY (`snippet_id`),
  KEY `site_id` (`site_id`)
) ENGINE=InnoDB AUTO_INCREMENT=4 DEFAULT CHARSET=utf8mb4 COLLATE=utf8mb4_unicode_ci;

CREATE TABLE `exp_specialty_templates` (
  `template_id` int(6) unsigned NOT NULL AUTO_INCREMENT,
  `site_id` int(4) unsigned NOT NULL DEFAULT 1,
  `enable_template` char(1) COLLATE utf8mb4_unicode_ci NOT NULL DEFAULT 'y',
  `template_name` varchar(50) COLLATE utf8mb4_unicode_ci NOT NULL,
  `data_title` varchar(80) COLLATE utf8mb4_unicode_ci NOT NULL,
  `template_type` varchar(16) COLLATE utf8mb4_unicode_ci DEFAULT NULL,
  `template_subtype` varchar(16) COLLATE utf8mb4_unicode_ci DEFAULT NULL,
  `template_data` text COLLATE utf8mb4_unicode_ci NOT NULL,
  `template_notes` text COLLATE utf8mb4_unicode_ci DEFAULT NULL,
  `edit_date` int(10) NOT NULL DEFAULT 0,
  `last_author_id` int(10) unsigned NOT NULL DEFAULT 0,
  PRIMARY KEY (`template_id`),
  KEY `template_name` (`template_name`),
  KEY `site_id` (`site_id`)
) ENGINE=InnoDB AUTO_INCREMENT=16 DEFAULT CHARSET=utf8mb4 COLLATE=utf8mb4_unicode_ci;

CREATE TABLE `exp_stats` (
  `stat_id` int(10) unsigned NOT NULL AUTO_INCREMENT,
  `site_id` int(4) unsigned NOT NULL DEFAULT 1,
  `total_members` mediumint(7) NOT NULL DEFAULT 0,
  `recent_member_id` int(10) NOT NULL DEFAULT 0,
  `recent_member` varchar(50) COLLATE utf8mb4_unicode_ci NOT NULL,
  `total_entries` mediumint(8) NOT NULL DEFAULT 0,
  `total_forum_topics` mediumint(8) NOT NULL DEFAULT 0,
  `total_forum_posts` mediumint(8) NOT NULL DEFAULT 0,
  `total_comments` mediumint(8) NOT NULL DEFAULT 0,
  `last_entry_date` int(10) unsigned NOT NULL DEFAULT 0,
  `last_forum_post_date` int(10) unsigned NOT NULL DEFAULT 0,
  `last_comment_date` int(10) unsigned NOT NULL DEFAULT 0,
  `last_visitor_date` int(10) unsigned NOT NULL DEFAULT 0,
  `most_visitors` mediumint(7) NOT NULL DEFAULT 0,
  `most_visitor_date` int(10) unsigned NOT NULL DEFAULT 0,
  `last_cache_clear` int(10) unsigned NOT NULL DEFAULT 0,
  PRIMARY KEY (`stat_id`),
  KEY `site_id` (`site_id`)
) ENGINE=InnoDB AUTO_INCREMENT=2 DEFAULT CHARSET=utf8mb4 COLLATE=utf8mb4_unicode_ci;

CREATE TABLE `exp_statuses` (
  `status_id` int(6) unsigned NOT NULL AUTO_INCREMENT,
  `status` varchar(50) COLLATE utf8mb4_unicode_ci NOT NULL,
  `status_order` int(3) unsigned NOT NULL,
  `highlight` varchar(30) COLLATE utf8mb4_unicode_ci NOT NULL DEFAULT '000000',
  PRIMARY KEY (`status_id`)
) ENGINE=InnoDB AUTO_INCREMENT=3 DEFAULT CHARSET=utf8mb4 COLLATE=utf8mb4_unicode_ci;

CREATE TABLE `exp_statuses_roles` (
  `role_id` int(10) unsigned NOT NULL,
  `status_id` int(6) unsigned NOT NULL,
  PRIMARY KEY (`status_id`,`role_id`)
) ENGINE=InnoDB DEFAULT CHARSET=utf8mb4 COLLATE=utf8mb4_unicode_ci;

CREATE TABLE `exp_template_groups` (
  `group_id` int(6) unsigned NOT NULL AUTO_INCREMENT,
  `site_id` int(4) unsigned NOT NULL DEFAULT 1,
  `group_name` varchar(50) COLLATE utf8mb4_unicode_ci NOT NULL,
  `group_order` int(3) unsigned NOT NULL,
  `is_site_default` char(1) COLLATE utf8mb4_unicode_ci NOT NULL DEFAULT 'n',
  PRIMARY KEY (`group_id`),
  KEY `site_id` (`site_id`),
  KEY `group_name_idx` (`group_name`),
  KEY `group_order_idx` (`group_order`)
) ENGINE=InnoDB AUTO_INCREMENT=5 DEFAULT CHARSET=utf8mb4 COLLATE=utf8mb4_unicode_ci;

CREATE TABLE `exp_template_groups_roles` (
  `role_id` int(10) unsigned NOT NULL,
  `template_group_id` mediumint(5) unsigned NOT NULL,
  PRIMARY KEY (`role_id`,`template_group_id`)
) ENGINE=InnoDB DEFAULT CHARSET=utf8mb4 COLLATE=utf8mb4_unicode_ci;

CREATE TABLE `exp_template_routes` (
  `route_id` int(10) unsigned NOT NULL AUTO_INCREMENT,
  `template_id` int(10) unsigned NOT NULL,
  `order` int(10) unsigned DEFAULT NULL,
  `route` varchar(512) COLLATE utf8mb4_unicode_ci DEFAULT NULL,
  `route_parsed` varchar(512) COLLATE utf8mb4_unicode_ci DEFAULT NULL,
  `route_required` char(1) COLLATE utf8mb4_unicode_ci NOT NULL DEFAULT 'n',
  PRIMARY KEY (`route_id`),
  KEY `template_id` (`template_id`)
) ENGINE=InnoDB DEFAULT CHARSET=utf8mb4 COLLATE=utf8mb4_unicode_ci;

CREATE TABLE `exp_templates` (
  `template_id` int(10) unsigned NOT NULL AUTO_INCREMENT,
  `site_id` int(4) unsigned NOT NULL DEFAULT 1,
  `group_id` int(6) unsigned NOT NULL,
  `template_name` varchar(50) COLLATE utf8mb4_unicode_ci NOT NULL,
  `template_type` varchar(16) COLLATE utf8mb4_unicode_ci NOT NULL DEFAULT 'webpage',
  `template_data` mediumtext COLLATE utf8mb4_unicode_ci DEFAULT NULL,
  `template_notes` text COLLATE utf8mb4_unicode_ci DEFAULT NULL,
  `edit_date` int(10) NOT NULL DEFAULT 0,
  `last_author_id` int(10) unsigned NOT NULL DEFAULT 0,
  `cache` char(1) COLLATE utf8mb4_unicode_ci NOT NULL DEFAULT 'n',
  `refresh` int(6) unsigned NOT NULL DEFAULT 0,
  `no_auth_bounce` varchar(50) COLLATE utf8mb4_unicode_ci NOT NULL DEFAULT '',
  `enable_http_auth` char(1) COLLATE utf8mb4_unicode_ci NOT NULL DEFAULT 'n',
  `allow_php` char(1) COLLATE utf8mb4_unicode_ci NOT NULL DEFAULT 'n',
  `php_parse_location` char(1) COLLATE utf8mb4_unicode_ci NOT NULL DEFAULT 'o',
  `hits` int(10) unsigned NOT NULL DEFAULT 0,
  `protect_javascript` char(1) COLLATE utf8mb4_unicode_ci NOT NULL DEFAULT 'n',
  PRIMARY KEY (`template_id`),
  KEY `group_id` (`group_id`),
  KEY `template_name` (`template_name`),
  KEY `site_id` (`site_id`)
) ENGINE=InnoDB AUTO_INCREMENT=7 DEFAULT CHARSET=utf8mb4 COLLATE=utf8mb4_unicode_ci;

CREATE TABLE `exp_templates_roles` (
  `role_id` int(10) unsigned NOT NULL,
  `template_id` int(10) unsigned NOT NULL,
  PRIMARY KEY (`template_id`,`role_id`)
) ENGINE=InnoDB DEFAULT CHARSET=utf8mb4 COLLATE=utf8mb4_unicode_ci;

CREATE TABLE `exp_throttle` (
  `throttle_id` int(10) unsigned NOT NULL AUTO_INCREMENT,
  `ip_address` varchar(45) COLLATE utf8mb4_unicode_ci NOT NULL DEFAULT '0',
  `last_activity` int(10) unsigned NOT NULL DEFAULT 0,
  `hits` int(10) unsigned NOT NULL,
  `locked_out` char(1) COLLATE utf8mb4_unicode_ci NOT NULL DEFAULT 'n',
  PRIMARY KEY (`throttle_id`),
  KEY `ip_address` (`ip_address`),
  KEY `last_activity` (`last_activity`)
) ENGINE=InnoDB DEFAULT CHARSET=utf8mb4 COLLATE=utf8mb4_unicode_ci;

CREATE TABLE `exp_update_log` (
  `log_id` int(10) unsigned NOT NULL AUTO_INCREMENT,
  `timestamp` int(10) unsigned DEFAULT NULL,
  `message` text COLLATE utf8mb4_unicode_ci DEFAULT NULL,
  `method` varchar(100) COLLATE utf8mb4_unicode_ci DEFAULT NULL,
  `line` int(10) unsigned DEFAULT NULL,
  `file` varchar(255) COLLATE utf8mb4_unicode_ci DEFAULT NULL,
  PRIMARY KEY (`log_id`)
) ENGINE=InnoDB AUTO_INCREMENT=2 DEFAULT CHARSET=utf8mb4 COLLATE=utf8mb4_unicode_ci;

CREATE TABLE `exp_upload_prefs` (
  `id` int(4) unsigned NOT NULL AUTO_INCREMENT,
  `site_id` int(4) unsigned NOT NULL DEFAULT 1,
  `name` varchar(50) COLLATE utf8mb4_unicode_ci NOT NULL,
  `server_path` varchar(255) COLLATE utf8mb4_unicode_ci NOT NULL DEFAULT '',
  `url` varchar(100) COLLATE utf8mb4_unicode_ci NOT NULL,
  `allowed_types` varchar(3) COLLATE utf8mb4_unicode_ci NOT NULL DEFAULT 'img',
  `default_modal_view` varchar(5) COLLATE utf8mb4_unicode_ci NOT NULL DEFAULT 'list',
  `max_size` varchar(16) COLLATE utf8mb4_unicode_ci DEFAULT NULL,
  `max_height` varchar(6) COLLATE utf8mb4_unicode_ci DEFAULT NULL,
  `max_width` varchar(6) COLLATE utf8mb4_unicode_ci DEFAULT NULL,
  `properties` varchar(120) COLLATE utf8mb4_unicode_ci DEFAULT NULL,
  `pre_format` varchar(120) COLLATE utf8mb4_unicode_ci DEFAULT NULL,
  `post_format` varchar(120) COLLATE utf8mb4_unicode_ci DEFAULT NULL,
  `file_properties` varchar(120) COLLATE utf8mb4_unicode_ci DEFAULT NULL,
  `file_pre_format` varchar(120) COLLATE utf8mb4_unicode_ci DEFAULT NULL,
  `file_post_format` varchar(120) COLLATE utf8mb4_unicode_ci DEFAULT NULL,
  `cat_group` varchar(255) COLLATE utf8mb4_unicode_ci DEFAULT NULL,
  `batch_location` varchar(255) COLLATE utf8mb4_unicode_ci DEFAULT NULL,
  `module_id` int(4) NOT NULL DEFAULT 0,
  PRIMARY KEY (`id`),
  KEY `site_id` (`site_id`)
) ENGINE=InnoDB AUTO_INCREMENT=6 DEFAULT CHARSET=utf8mb4 COLLATE=utf8mb4_unicode_ci;

CREATE TABLE `exp_upload_prefs_roles` (
  `role_id` int(10) unsigned NOT NULL,
  `upload_id` int(4) unsigned NOT NULL,
  PRIMARY KEY (`upload_id`,`role_id`)
) ENGINE=InnoDB DEFAULT CHARSET=utf8mb4 COLLATE=utf8mb4_unicode_ci;

INSERT INTO `exp_actions` (`action_id`, `class`, `method`, `csrf_exempt`) VALUES 
	(1, 'Channel', 'submit_entry', 0),
	(2, 'Channel', 'smiley_pop', 0),
	(3, 'Channel', 'combo_loader', 0),
	(4, 'Channel', 'live_preview', 0),
	(5, 'Comment', 'insert_new_comment', 0),
	(6, 'Comment_mcp', 'delete_comment_notification', 0),
	(7, 'Comment', 'comment_subscribe', 0),
	(8, 'Comment', 'edit_comment', 0),
	(9, 'Consent', 'grantConsent', 0),
	(10, 'Consent', 'submitConsent', 0),
	(11, 'Consent', 'withdrawConsent', 0),
	(12, 'Member', 'registration_form', 0),
	(13, 'Member', 'register_member', 0),
	(14, 'Member', 'activate_member', 0),
	(15, 'Member', 'member_login', 0),
	(16, 'Member', 'member_logout', 0),
	(17, 'Member', 'send_reset_token', 0),
	(18, 'Member', 'process_reset_password', 0),
	(19, 'Member', 'send_member_email', 0),
	(20, 'Member', 'update_un_pw', 0),
	(21, 'Member', 'member_search', 0),
	(22, 'Member', 'member_delete', 0),
	(23, 'Member', 'send_username', 0),
	(24, 'Member', 'update_profile', 0),
	(25, 'Member', 'upload_avatar', 0),
	(26, 'Rte', 'pages_autocomplete', 0),
	(27, 'File', 'addonIcon', 1),
	(28, 'Relationship', 'entryList', 0),
	(29, 'Search', 'do_search', 1);

INSERT INTO `exp_categories` (`cat_id`, `site_id`, `group_id`, `parent_id`, `cat_name`, `cat_url_title`, `cat_description`, `cat_image`, `cat_order`) VALUES 
	(1, 1, 1, 0, 'Awesome', 'awesome', 'This content is awesome', '', 1),
	(2, 1, 1, 0, 'Cats', 'cats', '', '', 2),
	(3, 1, 1, 0, 'Under Construction', 'under-construction', '', '', 3),
	(4, 1, 1, 0, 'Great Content', 'great-content', '', '', 4),
	(5, 1, 1, 2, 'Gray Cats', 'gray-cats', '', NULL, 5);

INSERT INTO `exp_category_field_data` (`cat_id`, `site_id`, `group_id`) VALUES 
	(1, 1, 1),
	(2, 1, 1),
	(3, 1, 1),
	(4, 1, 1),
	(5, 1, 1);

INSERT INTO `exp_category_groups` (`group_id`, `site_id`, `group_name`, `sort_order`, `exclude_group`, `field_html_formatting`, `can_edit_categories`, `can_delete_categories`) VALUES 
	(1, 1, 'Blog Group', 'a', 0, 'all', '', '');

INSERT INTO `exp_category_posts` (`entry_id`, `cat_id`) VALUES 
	(3, 1),
	(3, 4),
	(4, 3),
	(5, 1),
	(5, 2),
	(5, 4),
	(5, 5);

INSERT INTO `exp_channel_data` (`entry_id`, `site_id`, `channel_id`) VALUES 
	(1, 1, 1),
	(2, 1, 1),
	(3, 1, 2),
	(4, 1, 2),
	(5, 1, 2);

INSERT INTO `exp_channel_data_field_1` (`id`, `entry_id`, `field_id_1`, `field_ft_1`) VALUES 
	(1, 1, 'Welcome to our site!', 'none'),
	(2, 2, 'Give Us a Ring!', 'none');

INSERT INTO `exp_channel_data_field_2` (`id`, `entry_id`, `field_id_2`, `field_ft_2`) VALUES 
	(1, 1, '<p>This site is created with <a href=\"https://expressionengine.com/\" target=\"_blank\" rel=\"noopener noreferrer\"><strong>ExpressionEngine</strong></a>! It\'s <i>awesom</i>e!</p><p>This site is going to be amazing! You can\'t wait to read all of the things.</p>', 'none'),
	(2, 2, '<p>We would love to hear from you!</p>', 'none');

INSERT INTO `exp_channel_data_field_3` (`id`, `entry_id`, `field_id_3`, `field_ft_3`) VALUES 
	(1, 3, '<p style=\"text-align:justify;\">I don\'t want to talk to you no more, you empty-headed animal food trough wiper! I fart in your general direction! Your mother was a hamster and your father smelt of elderberries!</p><p style=\"text-align:justify;\">Listen, strange women lyin\' in ponds distributin\' swords is no basis for a system of government. Supreme executive power derives from a mandate from the masses, not from some farcical aquatic ceremony. You don\'t frighten us, English pig dogs. Go and boil your bottoms, you sons of a silly person. I blow my nose at you, so-called \"Arthur King,\" you and all your silly English K-nig-hts.</p>', 'none'),
	(2, 4, '<p><span style=\"color:rgb(0,0,0);\">Come and see the violence inherent in the system. Help! Help! I\'m being repressed! Are you suggesting coconuts migrate? Oh, oh, I see! Running away, eh? You yellow bastards! Come back here and take what\'s coming to you! I\'ll bite your legs off! You don\'t frighten us, English pig dogs. Go and boil your bottoms, you sons of a silly person. I blow my nose at you, so-called \"Arthur King,\" you and all your silly English K-nig-hts. What is the capital of Assyria?</span></p>', 'none'),
	(3, 5, '<p><span style=\"color:rgb(0,0,0);\">Are you suggesting coconuts migrate? I\'m Brian, and so\'s my wife! Listen, strange women lyin\' in ponds distributin\' swords is no basis for a system of government. Supreme executive power derives from a mandate from the masses, not from some farcical aquatic ceremony. Oh, oh, I see! Running away, eh? You yellow bastards! Come back here and take what\'s coming to you! I\'ll bite your legs off! What is the capital of Assyria?</span></p>', 'none');

INSERT INTO `exp_channel_data_field_4` (`id`, `entry_id`, `field_id_4`, `field_ft_4`) VALUES 
	(1, 3, '{filedir_5}pexels-mike-3820181.jpg', 'none'),
	(2, 4, '{filedir_5}pexels-katarzyna-modrzejewska-1314550.jpg', 'none'),
	(3, 5, '{filedir_5}pexels-marko-blazevic-774731.jpg', 'none');

INSERT INTO `exp_channel_data_field_5` (`id`, `entry_id`, `field_id_5`, `field_ft_5`) VALUES 
	(1, 5, NULL, 'xhtml');

INSERT INTO `exp_channel_data_field_6` (`id`, `entry_id`, `field_id_6`, `field_ft_6`) VALUES 
	(1, 5, 'WELL HAVE YOU SEEN THIS CAT?!?!?!?', 'none');

INSERT INTO `exp_channel_data_field_7` (`id`, `entry_id`, `field_id_7`, `field_ft_7`) VALUES 
	(1, 5, 'This cat is AMAZING!!', 'none');

INSERT INTO `exp_channel_data_field_8` (`id`, `entry_id`, `field_id_8`, `field_ft_8`) VALUES 
	(1, 5, 0, 'xhtml');

INSERT INTO `exp_channel_field_groups_fields` (`field_id`, `group_id`) VALUES 
	(1, 1),
	(2, 1),
	(3, 2),
	(4, 2),
	(5, 2),
	(6, 3),
	(7, 3),
	(8, 3);

INSERT INTO `exp_channel_fields` (`field_id`, `site_id`, `field_name`, `field_label`, `field_instructions`, `field_type`, `field_list_items`, `field_pre_populate`, `field_pre_channel_id`, `field_pre_field_id`, `field_ta_rows`, `field_maxl`, `field_required`, `field_text_direction`, `field_search`, `field_is_hidden`, `field_fmt`, `field_show_fmt`, `field_order`, `field_content_type`, `field_settings`, `legacy_field_data`) VALUES 
	(1, 0, 'subtitle', 'Subtitle', '', 'text', '', 'n', NULL, NULL, 8, 256, 'n', 'ltr', 'y', 'n', 'none', 'n', 1, 'all', 'YTo0OntzOjEwOiJmaWVsZF9tYXhsIjtzOjM6IjI1NiI7czoxODoiZmllbGRfY29udGVudF90eXBlIjtzOjM6ImFsbCI7czoxODoiZmllbGRfc2hvd19zbWlsZXlzIjtzOjE6Im4iO3M6MjQ6ImZpZWxkX3Nob3dfZmlsZV9zZWxlY3RvciI7czowOiIiO30=', 'n'),
	(2, 0, 'page_content', 'Page Content', '', 'rte', '', 'n', NULL, NULL, 8, NULL, 'y', 'ltr', 'n', 'n', 'none', 'n', 2, 'any', 'YTo2OntzOjEwOiJ0b29sc2V0X2lkIjtzOjE6IjEiO3M6NToiZGVmZXIiO3M6MToibiI7czoxNDoiZGJfY29sdW1uX3R5cGUiO3M6NDoidGV4dCI7czoxMDoiZmllbGRfd2lkZSI7YjoxO3M6OToiZmllbGRfZm10IjtzOjQ6Im5vbmUiO3M6MTQ6ImZpZWxkX3Nob3dfZm10IjtzOjE6Im4iO30=', 'n'),
	(3, 0, 'blog_content', 'Blog Content', '', 'rte', '', 'n', NULL, NULL, 8, NULL, 'n', 'ltr', 'n', 'n', 'none', 'n', 3, 'any', 'YTo2OntzOjEwOiJ0b29sc2V0X2lkIjtzOjE6IjEiO3M6NToiZGVmZXIiO3M6MToibiI7czoxNDoiZGJfY29sdW1uX3R5cGUiO3M6NDoidGV4dCI7czoxMDoiZmllbGRfd2lkZSI7YjoxO3M6OToiZmllbGRfZm10IjtzOjQ6Im5vbmUiO3M6MTQ6ImZpZWxkX3Nob3dfZm10IjtzOjE6Im4iO30=', 'n'),
	(4, 0, 'featured_image', 'Featured Image', '', 'file', '', 'n', NULL, NULL, 8, NULL, 'y', 'ltr', 'n', 'n', 'none', 'y', 4, 'image', 'YTo1OntzOjE4OiJmaWVsZF9jb250ZW50X3R5cGUiO3M6NToiaW1hZ2UiO3M6MTk6ImFsbG93ZWRfZGlyZWN0b3JpZXMiO3M6MToiNSI7czoxMzoic2hvd19leGlzdGluZyI7czoxOiJ5IjtzOjEyOiJudW1fZXhpc3RpbmciO3M6MjoiNTAiO3M6OToiZmllbGRfZm10IjtzOjQ6Im5vbmUiO30=', 'n'),
	(5, 0, 'related_blogs', 'Related Blogs', '', 'relationship', '', 'n', NULL, NULL, 8, NULL, 'n', 'ltr', 'n', 'n', 'xhtml', 'y', 5, 'any', 'YToxMDp7czo4OiJjaGFubmVscyI7YToxOntpOjA7czoxOiIyIjt9czo3OiJleHBpcmVkIjtzOjA6IiI7czo2OiJmdXR1cmUiO3M6MDoiIjtzOjEwOiJjYXRlZ29yaWVzIjthOjA6e31zOjc6ImF1dGhvcnMiO2E6MDp7fXM6ODoic3RhdHVzZXMiO2E6MDp7fXM6NToibGltaXQiO3M6MzoiMTAwIjtzOjExOiJvcmRlcl9maWVsZCI7czo1OiJ0aXRsZSI7czo5OiJvcmRlcl9kaXIiO3M6MzoiYXNjIjtzOjE0OiJhbGxvd19tdWx0aXBsZSI7YjoxO30=', 'n'),
	(6, 0, 'seo_title', 'SEO Title', '', 'text', '', 'n', NULL, NULL, 8, 256, 'n', 'ltr', 'n', 'n', 'none', 'n', 6, 'all', 'YTo0OntzOjEwOiJmaWVsZF9tYXhsIjtzOjM6IjI1NiI7czoxODoiZmllbGRfY29udGVudF90eXBlIjtzOjM6ImFsbCI7czoxODoiZmllbGRfc2hvd19zbWlsZXlzIjtzOjE6Im4iO3M6MjQ6ImZpZWxkX3Nob3dfZmlsZV9zZWxlY3RvciI7czowOiIiO30=', 'n'),
	(7, 0, 'seo_description', 'SEO Description', '', 'text', '', 'n', NULL, NULL, 8, 256, 'n', 'ltr', 'n', 'n', 'none', 'n', 7, 'all', 'YTo0OntzOjEwOiJmaWVsZF9tYXhsIjtzOjM6IjI1NiI7czoxODoiZmllbGRfY29udGVudF90eXBlIjtzOjM6ImFsbCI7czoxODoiZmllbGRfc2hvd19zbWlsZXlzIjtzOjE6Im4iO3M6MjQ6ImZpZWxkX3Nob3dfZmlsZV9zZWxlY3RvciI7czowOiIiO30=', 'n'),
	(8, 0, 'no_robots', 'No Robots', '', 'toggle', '', 'n', NULL, NULL, 8, NULL, 'n', 'ltr', 'n', 'n', 'xhtml', 'y', 8, 'any', 'YToxOntzOjE5OiJmaWVsZF9kZWZhdWx0X3ZhbHVlIjtzOjE6IjAiO30=', 'n');

INSERT INTO `exp_channel_form_settings` (`channel_form_settings_id`, `site_id`, `channel_id`, `default_status`, `allow_guest_posts`, `default_author`) VALUES 
	(1, 1, 1, '', 'n', 1),
	(2, 1, 2, '', 'n', 1);

INSERT INTO `exp_channel_titles` (`entry_id`, `site_id`, `channel_id`, `author_id`, `forum_topic_id`, `ip_address`, `title`, `url_title`, `status`, `status_id`, `versioning_enabled`, `view_count_one`, `view_count_two`, `view_count_three`, `view_count_four`, `allow_comments`, `sticky`, `entry_date`, `year`, `month`, `day`, `expiration_date`, `comment_expiration_date`, `edit_date`, `recent_comment_date`, `comment_total`) VALUES 
	(1, 1, 1, 1, NULL, '127.0.0.1', 'Homepage', 'homepage', 'open', 1, 'n', 0, 0, 0, 0, 'y', 'n', 1604840820, '2020', '11', '08', 0, 0, 1604842666, NULL, 0),
	(2, 1, 1, 1, NULL, '127.0.0.1', 'Contact', 'contact', 'open', 1, 'n', 0, 0, 0, 0, 'y', 'n', 1604842080, '2020', '11', '08', 0, 0, 1604842150, NULL, 0),
	(3, 1, 2, 1, NULL, '127.0.0.1', 'Our Very First Blog', 'our-very-first-blog', 'open', 1, 'n', 0, 0, 0, 0, 'y', 'n', 1605722220, '2020', '11', '18', 0, 0, 1606064484, NULL, 0),
	(4, 1, 2, 1, NULL, '127.0.0.1', 'Blog #2', 'blog-2', 'open', 1, 'n', 0, 0, 0, 0, 'y', 'n', 1605724380, '2020', '11', '18', 0, 0, 1606064479, NULL, 0),
	(5, 1, 2, 1, NULL, '127.0.0.1', 'Have You Seen This Cat?', 'have-you-seen-this-cat', 'open', 1, 'n', 0, 0, 0, 0, 'y', 'n', 1605724440, '2020', '11', '18', 0, 0, 1606069799, NULL, 0);

INSERT INTO `exp_channels` (`channel_id`, `site_id`, `channel_name`, `channel_title`, `channel_url`, `channel_description`, `channel_lang`, `total_entries`, `total_records`, `total_comments`, `last_entry_date`, `last_comment_date`, `cat_group`, `deft_status`, `search_excerpt`, `deft_category`, `deft_comments`, `channel_require_membership`, `channel_max_chars`, `channel_html_formatting`, `extra_publish_controls`, `channel_allow_img_urls`, `channel_auto_link_urls`, `channel_notify`, `channel_notify_emails`, `sticky_enabled`, `comment_url`, `comment_system_enabled`, `comment_require_membership`, `comment_moderate`, `comment_max_chars`, `comment_timelock`, `comment_require_email`, `comment_text_formatting`, `comment_html_formatting`, `comment_allow_img_urls`, `comment_auto_link_urls`, `comment_notify`, `comment_notify_authors`, `comment_notify_emails`, `comment_expiration`, `search_results_url`, `rss_url`, `enable_versioning`, `max_revisions`, `default_entry_title`, `title_field_label`, `url_title_prefix`, `preview_url`, `max_entries`) VALUES 
	(1, 1, 'page', 'Page', 'http://learn-ee.test/index.php', '', 'en', 2, 2, 0, 1604842080, 0, '', 'open', NULL, '', 'y', 'y', NULL, 'all', 'n', 'y', 'n', 'n', '', 'n', '', 'n', 'n', 'n', 5000, 0, 'y', 'xhtml', 'safe', 'n', 'y', 'n', 'n', '', 0, '', '', 'n', 10, '', 'Title', '', '', 0),
	(2, 1, 'blog', 'Blog', 'https://learn-ee.test/index.php', '', 'en', 3, 3, 0, 1605724440, 0, '1', 'open', 3, '', 'y', 'y', NULL, 'all', 'n', 'y', 'n', 'n', '', 'n', '', 'y', 'n', 'n', 5000, 0, 'y', 'xhtml', 'safe', 'n', 'y', 'n', 'n', '', 0, '', '', 'n', 10, '', 'Title', '', '', 0);

INSERT INTO `exp_channels_channel_field_groups` (`channel_id`, `group_id`) VALUES 
	(1, 1),
	(2, 2),
	(2, 3);

INSERT INTO `exp_channels_statuses` (`channel_id`, `status_id`) VALUES 
	(1, 1),
	(1, 2),
	(2, 1),
	(2, 2);

INSERT INTO `exp_config` (`config_id`, `site_id`, `key`, `value`) VALUES 
	(1, 1, 'is_site_on', 'y'),
	(2, 1, 'base_url', 'https://learn-ee.test/'),
	(3, 1, 'base_path', '/home/doug/sites/learn-ee/'),
	(4, 1, 'site_index', 'index.php'),
	(5, 1, 'site_url', '{base_url}'),
	(6, 1, 'cp_url', '{base_url}admin.php'),
	(7, 1, 'theme_folder_url', '{base_url}themes/'),
	(8, 1, 'theme_folder_path', '{base_path}themes/'),
	(9, 1, 'webmaster_email', 'doug@triplenerdscore.net'),
	(10, 1, 'webmaster_name', ''),
	(11, 1, 'channel_nomenclature', 'channel'),
	(12, 1, 'max_caches', '150'),
	(13, 1, 'captcha_url', '{base_url}images/captchas/'),
	(14, 1, 'captcha_path', '{base_path}images/captchas/'),
	(15, 1, 'captcha_font', 'y'),
	(16, 1, 'captcha_rand', 'y'),
	(17, 1, 'captcha_require_members', 'n'),
	(18, 1, 'require_captcha', 'n'),
	(19, 1, 'enable_sql_caching', 'n'),
	(20, 1, 'force_query_string', 'n'),
	(21, 1, 'show_profiler', 'n'),
	(22, 1, 'include_seconds', 'n'),
	(23, 1, 'cookie_domain', ''),
	(24, 1, 'cookie_path', '/'),
	(25, 1, 'cookie_httponly', 'y'),
	(26, 1, 'website_session_type', 'c'),
	(27, 1, 'cp_session_type', 'c'),
	(28, 1, 'allow_username_change', 'y'),
	(29, 1, 'allow_multi_logins', 'y'),
	(30, 1, 'password_lockout', 'y'),
	(31, 1, 'password_lockout_interval', '1'),
	(32, 1, 'require_ip_for_login', 'y'),
	(33, 1, 'require_ip_for_posting', 'y'),
	(34, 1, 'require_secure_passwords', 'n'),
	(35, 1, 'allow_dictionary_pw', 'y'),
	(36, 1, 'name_of_dictionary_file', ''),
	(37, 1, 'xss_clean_uploads', 'y'),
	(38, 1, 'redirect_method', 'redirect'),
	(39, 1, 'deft_lang', 'english'),
	(40, 1, 'xml_lang', 'en'),
	(41, 1, 'send_headers', 'y'),
	(42, 1, 'gzip_output', 'n'),
	(43, 1, 'default_site_timezone', 'America/New_York'),
	(44, 1, 'date_format', '%n/%j/%Y'),
	(45, 1, 'time_format', '12'),
	(46, 1, 'mail_protocol', 'mail'),
	(47, 1, 'email_newline', '\\n'),
	(48, 1, 'smtp_server', ''),
	(49, 1, 'smtp_username', ''),
	(50, 1, 'smtp_password', ''),
	(51, 1, 'email_smtp_crypto', 'ssl'),
	(52, 1, 'email_debug', 'n'),
	(53, 1, 'email_charset', 'utf-8'),
	(54, 1, 'email_batchmode', 'n'),
	(55, 1, 'email_batch_size', ''),
	(56, 1, 'mail_format', 'plain'),
	(57, 1, 'word_wrap', 'y'),
	(58, 1, 'email_console_timelock', '5'),
	(59, 1, 'log_email_console_msgs', 'y'),
	(60, 1, 'log_search_terms', 'y'),
	(61, 1, 'deny_duplicate_data', 'y'),
	(62, 1, 'redirect_submitted_links', 'n'),
	(63, 1, 'enable_censoring', 'n'),
	(64, 1, 'censored_words', ''),
	(65, 1, 'censor_replacement', ''),
	(66, 1, 'banned_ips', ''),
	(67, 1, 'banned_emails', ''),
	(68, 1, 'banned_usernames', ''),
	(69, 1, 'banned_screen_names', ''),
	(70, 1, 'ban_action', 'restrict'),
	(71, 1, 'ban_message', 'This site is currently unavailable'),
	(72, 1, 'ban_destination', 'http://www.yahoo.com/'),
	(73, 1, 'enable_emoticons', 'y'),
	(74, 1, 'emoticon_url', '{base_url}images/smileys/'),
	(75, 1, 'recount_batch_total', '1000'),
	(76, 1, 'new_version_check', 'y'),
	(77, 1, 'enable_throttling', 'n'),
	(78, 1, 'banish_masked_ips', 'y'),
	(79, 1, 'max_page_loads', '10'),
	(80, 1, 'time_interval', '8'),
	(81, 1, 'lockout_time', '30'),
	(82, 1, 'banishment_type', 'message'),
	(83, 1, 'banishment_url', ''),
	(84, 1, 'banishment_message', 'You have exceeded the allowed page load frequency.'),
	(85, 1, 'enable_search_log', 'y'),
	(86, 1, 'max_logged_searches', '500'),
	(87, 1, 'un_min_len', '4'),
	(88, 1, 'pw_min_len', '5'),
	(89, 1, 'allow_member_registration', 'n'),
	(90, 1, 'allow_member_localization', 'y'),
	(91, 1, 'req_mbr_activation', 'email'),
	(92, 1, 'new_member_notification', 'n'),
	(93, 1, 'mbr_notification_emails', ''),
	(94, 1, 'require_terms_of_service', 'y'),
	(95, 1, 'default_primary_role', '5'),
	(96, 1, 'profile_trigger', 'member'),
	(97, 1, 'member_theme', 'default'),
	(98, 1, 'avatar_url', '{base_url}images/avatars/'),
	(99, 1, 'avatar_path', '{base_path}images/avatars/'),
	(100, 1, 'avatar_max_width', '100'),
	(101, 1, 'avatar_max_height', '100'),
	(102, 1, 'avatar_max_kb', '50'),
	(103, 1, 'enable_photos', 'n'),
	(104, 1, 'photo_url', '{base_url}images/member_photos/'),
	(105, 1, 'photo_path', '/'),
	(106, 1, 'photo_max_width', '100'),
	(107, 1, 'photo_max_height', '100'),
	(108, 1, 'photo_max_kb', '50'),
	(109, 1, 'allow_signatures', 'y'),
	(110, 1, 'sig_maxlength', '500'),
	(111, 1, 'sig_allow_img_hotlink', 'n'),
	(112, 1, 'sig_allow_img_upload', 'n'),
	(113, 1, 'sig_img_url', '{base_url}images/signature_attachments/'),
	(114, 1, 'sig_img_path', '{base_path}images/signature_attachments/'),
	(115, 1, 'sig_img_max_width', '480'),
	(116, 1, 'sig_img_max_height', '80'),
	(117, 1, 'sig_img_max_kb', '30'),
	(118, 1, 'prv_msg_enabled', 'y'),
	(119, 1, 'prv_msg_allow_attachments', 'y'),
	(120, 1, 'prv_msg_upload_path', '{base_path}images/pm_attachments/'),
	(121, 1, 'prv_msg_max_attachments', '3'),
	(122, 1, 'prv_msg_attach_maxsize', '250'),
	(123, 1, 'prv_msg_attach_total', '100'),
	(124, 1, 'prv_msg_html_format', 'safe'),
	(125, 1, 'prv_msg_auto_links', 'y'),
	(126, 1, 'prv_msg_max_chars', '6000'),
	(127, 1, 'memberlist_order_by', 'member_id'),
	(128, 1, 'memberlist_sort_order', 'desc'),
	(129, 1, 'memberlist_row_limit', '20'),
	(130, 1, 'site_404', ''),
	(131, 1, 'save_tmpl_revisions', 'n'),
	(132, 1, 'max_tmpl_revisions', '5'),
	(133, 1, 'strict_urls', 'y'),
	(134, 1, 'enable_template_routes', 'y'),
	(135, 1, 'image_resize_protocol', 'gd2'),
	(136, 1, 'image_library_path', ''),
	(137, 1, 'thumbnail_prefix', 'thumb'),
	(138, 1, 'word_separator', 'dash'),
	(139, 1, 'use_category_name', 'n'),
	(140, 1, 'reserved_category_word', 'category'),
	(141, 1, 'auto_convert_high_ascii', 'n'),
	(142, 1, 'new_posts_clear_caches', 'y'),
	(143, 1, 'auto_assign_cat_parents', 'y'),
	(144, 0, 'cache_driver', 'file'),
	(145, 0, 'cookie_prefix', ''),
	(146, 0, 'debug', '1'),
	(147, 0, 'is_system_on', 'y'),
	(148, 0, 'multiple_sites_enabled', 'n');

INSERT INTO `exp_consent_request_versions` (`consent_request_version_id`, `consent_request_id`, `request`, `request_format`, `create_date`, `author_id`) VALUES 
	(1, 1, 'These cookies help us personalize content and functionality for you, including remembering changes you have made to parts of the website that you can customize, or selections for services made on previous visits. If you do not allow these cookies, some portions of our website may be less friendly and easy to use, forcing you to enter content or set your preferences on each visit.', 'none', 1604839755, 0),
	(2, 2, 'These cookies allow us measure how visitors use our website, which pages are popular, and what our traffic sources are. This helps us improve how our website works and make it easier for all visitors to find what they are looking for. The information is aggregated and anonymous, and cannot be used to identify you. If you do not allow these cookies, we will be unable to use your visits to our website to help make improvements.', 'none', 1604839755, 0),
	(3, 3, 'These cookies are usually placed by third-party advertising networks, which may use information about your website visits to develop a profile of your interests. This information may be shared with other advertisers and/or websites to deliver more relevant advertising to you across multiple websites. If you do not allow these cookies, visits to this website will not be shared with advertising partners and will not contribute to targeted advertising on other websites.', 'none', 1604839755, 0);

INSERT INTO `exp_consent_requests` (`consent_request_id`, `consent_request_version_id`, `user_created`, `title`, `consent_name`, `double_opt_in`, `retention_period`) VALUES 
	(1, 1, 'n', 'Functionality Cookies', 'ee:cookies_functionality', 'n', NULL),
	(2, 2, 'n', 'Performance Cookies', 'ee:cookies_performance', 'n', NULL),
	(3, 3, 'n', 'Targeting Cookies', 'ee:cookies_targeting', 'n', NULL);

INSERT INTO `exp_content_types` (`content_type_id`, `name`) VALUES 
	(2, 'channel'),
	(1, 'grid');

INSERT INTO `exp_cp_log` (`id`, `site_id`, `member_id`, `username`, `ip_address`, `act_date`, `action`) VALUES 
	(1, 1, 1, 'doug', '127.0.0.1', 1604839791, 'Logged in'),
	(2, 1, 1, 'doug', '127.0.0.1', 1604840801, 'Channel Created&nbsp;&nbsp;Page'),
	(3, 1, 1, 'doug', '127.0.0.1', 1604916954, 'Logged in'),
	(4, 1, 1, 'doug', '127.0.0.1', 1604920529, 'Logged in'),
	(5, 1, 1, 'doug', '127.0.0.1', 1604925171, 'Logged in'),
	(6, 1, 1, 'doug', '127.0.0.1', 1605721150, 'Logged in'),
	(7, 1, 1, 'doug', '127.0.0.1', 1605722249, 'Channel Created&nbsp;&nbsp;Blog'),
	(8, 1, 1, 'doug', '127.0.0.1', 1605747172, 'Logged in'),
	(9, 1, 1, 'doug', '127.0.0.1', 1605804020, 'Logged in'),
	(10, 1, 1, 'doug', '127.0.0.1', 1606063735, 'Logged in');

INSERT INTO `exp_entry_manager_views` (`view_id`, `channel_id`, `member_id`, `name`, `columns`) VALUES 
	(1, 0, 1, '', '[\"entry_id\",\"title\",\"entry_date\",\"author\",\"status\",\"comments\"]');

INSERT INTO `exp_extensions` (`extension_id`, `class`, `method`, `hook`, `settings`, `priority`, `version`, `enabled`) VALUES 
	(1, 'Comment_ext', 'addCommentMenu', 'cp_custom_menu', 'a:0:{}', 10, '2.3.3', 'y');

INSERT INTO `exp_field_groups` (`group_id`, `site_id`, `group_name`) VALUES 
	(1, 0, 'Page Group'),
	(2, 0, 'Blog Group'),
	(3, 0, 'SEO Group');

INSERT INTO `exp_fieldtypes` (`fieldtype_id`, `name`, `version`, `settings`, `has_global_settings`) VALUES 
	(1, 'select', '1.0.0', 'YTowOnt9', 'n'),
	(2, 'text', '1.0.0', 'YTowOnt9', 'n'),
	(3, 'textarea', '1.0.0', 'YTowOnt9', 'n'),
	(4, 'date', '1.0.0', 'YTowOnt9', 'n'),
	(5, 'duration', '1.0.0', 'YTowOnt9', 'n'),
	(6, 'email_address', '1.0.0', 'YTowOnt9', 'n'),
	(7, 'file', '1.1.0', 'YTowOnt9', 'n'),
	(8, 'fluid_field', '1.0.0', 'YTowOnt9', 'n'),
	(9, 'grid', '1.0.0', 'YTowOnt9', 'n'),
	(10, 'file_grid', '1.0.0', 'YTowOnt9', 'n'),
	(11, 'multi_select', '1.0.0', 'YTowOnt9', 'n'),
	(12, 'checkboxes', '1.0.0', 'YTowOnt9', 'n'),
	(13, 'radio', '1.0.0', 'YTowOnt9', 'n'),
	(14, 'relationship', '1.0.0', 'YTowOnt9', 'n'),
	(15, 'rte', '2.0.0', 'YTowOnt9', 'n'),
	(16, 'toggle', '1.0.0', 'YTowOnt9', 'n'),
	(17, 'url', '1.0.0', 'YTowOnt9', 'n'),
	(18, 'colorpicker', '1.0.0', 'YTowOnt9', 'n');

INSERT INTO `exp_files` (`file_id`, `site_id`, `title`, `upload_location_id`, `mime_type`, `file_name`, `file_size`, `description`, `credit`, `location`, `uploaded_by_member_id`, `upload_date`, `modified_by_member_id`, `modified_date`, `file_hw_original`) VALUES 
	(1, 1, 'pexels-mike-3820181.jpg', 5, 'image/jpeg', 'pexels-mike-3820181.jpg', 221123, NULL, NULL, NULL, 1, 1605722409, 1, 1605722409, '1280 1920'),
	(2, 1, 'pexels-katarzyna-modrzejewska-1314550.jpg', 5, 'image/jpeg', 'pexels-katarzyna-modrzejewska-1314550.jpg', 429066, NULL, NULL, NULL, 1, 1605724441, 1, 1605724441, '2874 1920'),
	(3, 1, 'Cat Standing Up', 5, 'image/jpeg', 'pexels-marko-blazevic-774731.jpg', 218481, '', '', '', 1, 1605724467, 1, 1605725961, '1280 1920');

INSERT INTO `exp_global_variables` (`variable_id`, `site_id`, `variable_name`, `variable_data`, `edit_date`) VALUES 
	(1, 1, 'facebook', 'https://www.facebook.com/triplenerdscore', 1606069244);

INSERT INTO `exp_html_buttons` (`id`, `site_id`, `member_id`, `tag_name`, `tag_open`, `tag_close`, `accesskey`, `tag_order`, `tag_row`, `classname`) VALUES 
	(1, 1, 0, 'html_btn_bold', '<strong>', '</strong>', 'b', 1, '1', 'html-bold'),
	(2, 1, 0, 'html_btn_italic', '<em>', '</em>', 'i', 2, '1', 'html-italic'),
	(3, 1, 0, 'html_btn_blockquote', '<blockquote>', '</blockquote>', 'q', 3, '1', 'html-quote'),
	(4, 1, 0, 'html_btn_anchor', '<a href=\"[![Link:!:http://]!]\"(!( title=\"[![Title]!]\")!)>', '</a>', 'a', 4, '1', 'html-link'),
	(5, 1, 0, 'html_btn_picture', '<img src=\"[![Link:!:http://]!]\" alt=\"[![Alternative text]!]\" />', '', '', 5, '1', 'html-upload');

INSERT INTO `exp_member_data` (`member_id`) VALUES 
	(1);

INSERT INTO `exp_member_news_views` (`news_id`, `version`, `member_id`) VALUES 
	(1, '6.0.0-b.3', 1);

INSERT INTO `exp_members` (`member_id`, `role_id`, `username`, `screen_name`, `password`, `salt`, `unique_id`, `crypt_key`, `authcode`, `email`, `signature`, `avatar_filename`, `avatar_width`, `avatar_height`, `photo_filename`, `photo_width`, `photo_height`, `sig_img_filename`, `sig_img_width`, `sig_img_height`, `ignore_list`, `private_messages`, `accept_messages`, `last_view_bulletins`, `last_bulletin_date`, `ip_address`, `join_date`, `last_visit`, `last_activity`, `total_entries`, `total_comments`, `total_forum_topics`, `total_forum_posts`, `last_entry_date`, `last_comment_date`, `last_forum_post_date`, `last_email_date`, `in_authorlist`, `accept_admin_email`, `accept_user_email`, `notify_by_default`, `notify_of_pm`, `display_signatures`, `parse_smileys`, `smart_notifications`, `language`, `timezone`, `time_format`, `date_format`, `include_seconds`, `profile_theme`, `forum_theme`, `tracker`, `template_size`, `notepad`, `notepad_size`, `bookmarklets`, `quick_links`, `quick_tabs`, `show_sidebar`, `pmember_id`, `cp_homepage`, `cp_homepage_channel`, `cp_homepage_custom`) VALUES 
	(1, 1, 'doug', 'doug', '$2y$10$yHbcRwghrLuuyJPdNIB7g.tHXwQfSGT2FbOFNldUDl0VxWHZCg.bC', '', 'd32eaadca3a44981ce316218ee85bf605138fd8c', '123e8e8814afb6ad85331c55017161fa0bafcd61', NULL, 'doug@triplenerdscore.net', NULL, NULL, NULL, NULL, NULL, NULL, NULL, NULL, NULL, NULL, NULL, 0, 'y', 0, 0, '127.0.0.1', 1604839755, 1605804021, 1606070632, 5, 0, 0, 0, 1605724440, 0, 0, 0, 'n', 'y', 'y', 'y', 'y', 'y', 'y', 'y', 'english', 'America/New_York', NULL, NULL, NULL, NULL, NULL, NULL, '28', NULL, '18', NULL, '', NULL, 'n', 0, NULL, NULL, NULL);

INSERT INTO `exp_members_roles` (`member_id`, `role_id`) VALUES 
	(1, 1);

INSERT INTO `exp_menu_sets` (`set_id`, `name`) VALUES 
	(1, 'Default');

INSERT INTO `exp_modules` (`module_id`, `module_name`, `module_version`, `has_cp_backend`, `has_publish_fields`) VALUES 
	(1, 'Channel', '2.1.0', 'n', 'n'),
	(2, 'Comment', '2.3.3', 'y', 'n'),
	(3, 'Consent', '1.0.0', 'n', 'n'),
	(4, 'Member', '2.2.0', 'n', 'n'),
	(5, 'Stats', '2.1.0', 'n', 'n'),
	(6, 'Rte', '2.0.0', 'y', 'n'),
	(7, 'File', '1.1.0', 'n', 'n'),
	(8, 'Filepicker', '1.0', 'y', 'n'),
	(9, 'Relationship', '1.0.0', 'n', 'n'),
	(10, 'Search', '2.2.2', 'n', 'n');

INSERT INTO `exp_password_lockout` (`lockout_id`, `login_date`, `ip_address`, `user_agent`, `username`) VALUES 
	(1, 1605721074, '127.0.0.1', 'Mozilla/5.0 (X11; Linux x86_64) AppleWebKit/537.36 (KHTML, like Gecko) Chrome/86.0.4240.111 Safari/537.36', 'ee-admin'),
	(2, 1605721105, '127.0.0.1', 'Mozilla/5.0 (X11; Linux x86_64) AppleWebKit/537.36 (KHTML, like Gecko) Chrome/86.0.4240.111 Safari/537.36', 'eeadmin'),
	(3, 1605721122, '127.0.0.1', 'Mozilla/5.0 (X11; Linux x86_64) AppleWebKit/537.36 (KHTML, like Gecko) Chrome/86.0.4240.111 Safari/537.36', 'admin'),
	(4, 1605721124, '127.0.0.1', 'Mozilla/5.0 (X11; Linux x86_64) AppleWebKit/537.36 (KHTML, like Gecko) Chrome/86.0.4240.111 Safari/537.36', 'admin'),
	(5, 1605721129, '127.0.0.1', 'Mozilla/5.0 (X11; Linux x86_64) AppleWebKit/537.36 (KHTML, like Gecko) Chrome/86.0.4240.111 Safari/537.36', 'ee_admin');

INSERT INTO `exp_permissions` (`permission_id`, `role_id`, `site_id`, `permission`) VALUES 
	(1, 1, 1, 'can_view_offline_system'),
	(2, 1, 1, 'can_access_cp'),
	(3, 1, 1, 'can_access_footer_report_bug'),
	(4, 1, 1, 'can_access_footer_new_ticket'),
	(5, 1, 1, 'can_access_footer_user_guide'),
	(6, 1, 1, 'can_view_homepage_news'),
	(7, 1, 1, 'can_upload_new_files'),
	(8, 1, 1, 'can_edit_files'),
	(9, 1, 1, 'can_delete_files'),
	(10, 1, 1, 'can_upload_new_toolsets'),
	(11, 1, 1, 'can_edit_toolsets'),
	(12, 1, 1, 'can_delete_toolsets'),
	(13, 1, 1, 'can_create_upload_directories'),
	(14, 1, 1, 'can_edit_upload_directories'),
	(15, 1, 1, 'can_delete_upload_directories'),
	(16, 1, 1, 'can_access_files'),
	(17, 1, 1, 'can_access_design'),
	(18, 1, 1, 'can_access_addons'),
	(19, 1, 1, 'can_access_members'),
	(20, 1, 1, 'can_access_sys_prefs'),
	(21, 1, 1, 'can_access_comm'),
	(22, 1, 1, 'can_access_utilities'),
	(23, 1, 1, 'can_access_data'),
	(24, 1, 1, 'can_access_logs'),
	(25, 1, 1, 'can_admin_channels'),
	(26, 1, 1, 'can_create_channels'),
	(27, 1, 1, 'can_edit_channels'),
	(28, 1, 1, 'can_delete_channels'),
	(29, 1, 1, 'can_create_channel_fields'),
	(30, 1, 1, 'can_edit_channel_fields'),
	(31, 1, 1, 'can_delete_channel_fields'),
	(32, 1, 1, 'can_create_statuses'),
	(33, 1, 1, 'can_delete_statuses'),
	(34, 1, 1, 'can_edit_statuses'),
	(35, 1, 1, 'can_create_categories'),
	(36, 1, 1, 'can_create_roles'),
	(37, 1, 1, 'can_delete_roles'),
	(38, 1, 1, 'can_edit_roles'),
	(39, 1, 1, 'can_admin_design'),
	(40, 1, 1, 'can_create_members'),
	(41, 1, 1, 'can_edit_members'),
	(42, 1, 1, 'can_delete_members'),
	(43, 1, 1, 'can_admin_roles'),
	(44, 1, 1, 'can_admin_mbr_templates'),
	(45, 1, 1, 'can_ban_users'),
	(46, 1, 1, 'can_admin_addons'),
	(47, 1, 1, 'can_create_new_templates'),
	(48, 1, 1, 'can_edit_templates'),
	(49, 1, 1, 'can_delete_templates'),
	(50, 1, 1, 'can_create_template_groups'),
	(51, 1, 1, 'can_edit_template_groups'),
	(52, 1, 1, 'can_delete_template_groups'),
	(53, 1, 1, 'can_create_template_partials'),
	(54, 1, 1, 'can_edit_template_partials'),
	(55, 1, 1, 'can_delete_template_partials'),
	(56, 1, 1, 'can_create_template_variables'),
	(57, 1, 1, 'can_delete_template_variables'),
	(58, 1, 1, 'can_edit_template_variables'),
	(59, 1, 1, 'can_edit_categories'),
	(60, 1, 1, 'can_delete_categories'),
	(61, 1, 1, 'can_view_other_entries'),
	(62, 1, 1, 'can_edit_other_entries'),
	(63, 1, 1, 'can_assign_post_authors'),
	(64, 1, 1, 'can_delete_self_entries'),
	(65, 1, 1, 'can_delete_all_entries'),
	(66, 1, 1, 'can_view_other_comments'),
	(67, 1, 1, 'can_edit_own_comments'),
	(68, 1, 1, 'can_delete_own_comments'),
	(69, 1, 1, 'can_edit_all_comments'),
	(70, 1, 1, 'can_delete_all_comments'),
	(71, 1, 1, 'can_moderate_comments'),
	(72, 1, 1, 'can_send_cached_email'),
	(73, 1, 1, 'can_email_roles'),
	(74, 1, 1, 'can_email_from_profile'),
	(75, 1, 1, 'can_view_profiles'),
	(76, 1, 1, 'can_edit_html_buttons'),
	(77, 1, 1, 'can_post_comments'),
	(78, 1, 1, 'can_delete_self'),
	(79, 1, 1, 'can_send_private_messages'),
	(80, 1, 1, 'can_attach_in_private_messages'),
	(81, 1, 1, 'can_send_bulletins'),
	(82, 1, 1, 'can_search'),
	(83, 1, 1, 'can_create_entries'),
	(84, 1, 1, 'can_edit_self_entries'),
	(85, 1, 1, 'can_access_security_settings'),
	(86, 1, 1, 'can_access_translate'),
	(87, 1, 1, 'can_access_import'),
	(88, 1, 1, 'can_access_sql_manager'),
	(89, 1, 1, 'can_moderate_spam'),
	(90, 1, 1, 'can_manage_consents'),
	(91, 3, 1, 'can_view_online_system'),
	(92, 4, 1, 'can_view_online_system'),
	(93, 5, 1, 'can_view_online_system'),
	(94, 5, 1, 'can_email_from_profile'),
	(95, 5, 1, 'can_view_profiles'),
	(96, 5, 1, 'can_edit_html_buttons'),
	(97, 5, 1, 'can_delete_self'),
	(98, 5, 1, 'can_send_private_messages'),
	(99, 5, 1, 'can_attach_in_private_messages');

INSERT INTO `exp_relationships` (`relationship_id`, `parent_id`, `child_id`, `field_id`, `fluid_field_data_id`, `grid_field_id`, `grid_col_id`, `grid_row_id`, `order`) VALUES 
	(3, 5, 4, 5, 0, 0, 0, 0, 1),
	(4, 5, 3, 5, 0, 0, 0, 0, 2);

INSERT INTO `exp_role_settings` (`id`, `role_id`, `site_id`, `menu_set_id`, `mbr_delete_notify_emails`, `exclude_from_moderation`, `search_flood_control`, `prv_msg_send_limit`, `prv_msg_storage_limit`, `include_in_authorlist`, `include_in_memberlist`, `cp_homepage`, `cp_homepage_channel`, `cp_homepage_custom`) VALUES 
	(1, 1, 1, 1, NULL, 'y', 0, 20, 60, 'y', 'y', NULL, 0, NULL),
	(2, 2, 1, 1, NULL, 'n', 60, 20, 60, 'n', 'n', NULL, 0, NULL),
	(3, 3, 1, 1, NULL, 'n', 10, 20, 60, 'n', 'y', NULL, 0, NULL),
	(4, 4, 1, 1, NULL, 'n', 10, 20, 60, 'n', 'y', NULL, 0, NULL),
	(5, 5, 1, 1, NULL, 'n', 10, 20, 60, 'n', 'y', NULL, 0, NULL);

INSERT INTO `exp_roles` (`role_id`, `name`, `short_name`, `description`, `is_locked`) VALUES 
	(1, 'Super Admin', 'super_admin', NULL, 'y'),
	(2, 'Banned', 'banned', NULL, 'n'),
	(3, 'Guests', 'guests', NULL, 'n'),
	(4, 'Pending', 'pending', NULL, 'n'),
	(5, 'Members', 'members', NULL, 'n');

INSERT INTO `exp_rte_toolsets` (`toolset_id`, `toolset_name`, `settings`) VALUES 
	(1, 'Basic', 'YTozOntzOjc6InRvb2xiYXIiO2E6Njp7aTowO3M6NDoiYm9sZCI7aToxO3M6NjoiaXRhbGljIjtpOjI7czo5OiJ1bmRlcmxpbmUiO2k6MztzOjEyOiJudW1iZXJlZExpc3QiO2k6NDtzOjEyOiJidWxsZXRlZExpc3QiO2k6NTtzOjQ6ImxpbmsiO31zOjY6ImhlaWdodCI7czozOiIyMDAiO3M6MTA6InVwbG9hZF9kaXIiO3M6MzoiYWxsIjt9'),
	(2, 'Full', 'YTozOntzOjc6InRvb2xiYXIiO2E6Mjk6e2k6MDtzOjQ6ImJvbGQiO2k6MTtzOjY6Iml0YWxpYyI7aToyO3M6MTM6InN0cmlrZXRocm91Z2giO2k6MztzOjk6InVuZGVybGluZSI7aTo0O3M6OToic3Vic2NyaXB0IjtpOjU7czoxMToic3VwZXJzY3JpcHQiO2k6NjtzOjEwOiJibG9ja3F1b3RlIjtpOjc7czo0OiJjb2RlIjtpOjg7czo3OiJoZWFkaW5nIjtpOjk7czoxMjoicmVtb3ZlRm9ybWF0IjtpOjEwO3M6NDoidW5kbyI7aToxMTtzOjQ6InJlZG8iO2k6MTI7czoxMjoibnVtYmVyZWRMaXN0IjtpOjEzO3M6MTI6ImJ1bGxldGVkTGlzdCI7aToxNDtzOjc6Im91dGRlbnQiO2k6MTU7czo2OiJpbmRlbnQiO2k6MTY7czo0OiJsaW5rIjtpOjE3O3M6MTE6ImZpbGVtYW5hZ2VyIjtpOjE4O3M6MTE6Imluc2VydFRhYmxlIjtpOjE5O3M6MTA6Im1lZGlhRW1iZWQiO2k6MjA7czoxNDoiYWxpZ25tZW50OmxlZnQiO2k6MjE7czoxNToiYWxpZ25tZW50OnJpZ2h0IjtpOjIyO3M6MTY6ImFsaWdubWVudDpjZW50ZXIiO2k6MjM7czoxNzoiYWxpZ25tZW50Omp1c3RpZnkiO2k6MjQ7czoxNDoiaG9yaXpvbnRhbExpbmUiO2k6MjU7czoxNzoic3BlY2lhbENoYXJhY3RlcnMiO2k6MjY7czo4OiJyZWFkTW9yZSI7aToyNztzOjk6ImZvbnRDb2xvciI7aToyODtzOjE5OiJmb250QmFja2dyb3VuZENvbG9yIjt9czo2OiJoZWlnaHQiO3M6MzoiMjAwIjtzOjEwOiJ1cGxvYWRfZGlyIjtzOjM6ImFsbCI7fQ==');

INSERT INTO `exp_security_hashes` (`hash_id`, `date`, `session_id`, `hash`) VALUES 
	(1, 1604839791, 'f15fa009bc30833d8e576aa057e6b32c13fe25d9', '082e5a60bef50f7849d702d69a49244df5d52f1d'),
	(2, 1604916955, '94cbe39bbe5c249e8a358e4efd3dec431ec2af56', 'b2e08954eb1f80807dd0d59c9b09a4429e76f33f'),
	(3, 1604920529, '7772f7afe46824bb91e0061331c179f8cd7dd380', 'b8636eddf3fe7c4c246870532440aff8f9874bc4'),
	(4, 1604924503, 'd0e27e13dd1323ae528c1f1193a0cdc127bb4130', '06d63e0c71b156fcbe0cbfda9660487b845b2043'),
	(5, 1604925171, '16a27d7b50287ac8f637804835be5fe1d9f19d73', '1d66c56fcab5d696cf2396ce22dfe49d1de5e154'),
	(6, 1605721151, '687945b8c23b7ab128066e03a87ece3385c5d1c3', 'd834b6befa560b3a9717324ca51a1b890a80ff80'),
	(7, 1605747172, '3497fcc2808167a75e9c457c67d839d6910a4b78', '48b716b43a6be17b8a3749a57edbc6dccf74ba55'),
	(8, 1605751129, 'ad08fc1212a5d08ebee1cd72df73e6de51f94b7b', '1aca359283ee4d7c38988478f0415fbba9325716'),
	(9, 1605804021, '3b388d635e908ba6362f47c98df05fd860417045', '33371c0d3a150bcdc9de7c05dd8a358cd261061c'),
	(10, 1606063736, '983ec009118bc84cea3071bb6533f049db9a0d75', '8533afb9b8db5b25cb0c6bc4dcf9107c13c6acbf');

INSERT INTO `exp_sessions` (`session_id`, `member_id`, `admin_sess`, `ip_address`, `user_agent`, `login_state`, `fingerprint`, `sess_start`, `auth_timeout`, `last_activity`, `can_debug`) VALUES 
	('983ec009118bc84cea3071bb6533f049db9a0d75', 1, 1, '127.0.0.1', 'Mozilla/5.0 (X11; Linux x86_64) AppleWebKit/537.36 (KHTML, like Gecko) Chrome/86.0.4240.111 Safari/537.36', NULL, '93ce595b17f9bdc5fae4aeb7c206742e', 1606067636, 0, 1606070636, '0');

INSERT INTO `exp_sites` (`site_id`, `site_label`, `site_name`, `site_description`, `site_bootstrap_checksums`, `site_pages`) VALUES 
	(1, 'Our New EE Site', 'default_site', NULL, 'YToyOntzOjQyOiIvaG9tZS9kb3VnL3NpdGVzL2xlYXJuLWVlL3B1YmxpYy9pbmRleC5waHAiO3M6MzI6ImJlNWUxY2U1MmMzYjE4NTIzMWQyYWIxYTU4ZDBlMmQyIjtzOjc6ImVtYWlsZWQiO2E6MDp7fX0=', 'YToxOntpOjE7YToxOntzOjM6InVybCI7czoyMToie2Jhc2VfdXJsfS9pbmRleC5waHAvIjt9fQ==');

INSERT INTO `exp_snippets` (`snippet_id`, `site_id`, `snippet_name`, `snippet_contents`, `edit_date`) VALUES 
	(1, 1, 'top-nav', '<div class=\"\">\n   <div class=\"relative bg-white overflow-hidden\">\n      <div class=\"max-w-screen-xl mx-auto\">\n         <div class=\"relative z-10 pb-8 bg-white sm:pb-16 md:pb-20 lg:max-w-2xl lg:w-full lg:pb-28 xl:pb-32\">\n            <svg class=\"hidden lg:block absolute right-0 inset-y-0 h-full w-48 text-white transform translate-x-1/2\" fill=\"currentColor\" viewbox=\"0 0 100 100\" preserveaspectratio=\"none\">\n               <polygon points=\"50,0 100,0 50,100 0,100\"></polygon>\n            </svg>\n            <div class=\"relative pt-6 px-4 sm:px-6 lg:px-8\">\n               <nav class=\"relative flex items-center justify-between sm:h-10 lg:justify-start\">\n                  <div class=\"flex items-center flex-grow flex-shrink-0 lg:flex-grow-0\">\n                     <div class=\"flex items-center justify-between w-full md:w-auto\">\n                        <a href=\"#\" aria-label=\"Home\"><img class=\"h-8 w-auto sm:h-10\" src=\"https://tailwindui.com/img/logos/workflow-mark-on-white.svg\" alt=\"\"></a>\n                        <div class=\"-mr-2 flex items-center md:hidden\">\n                           <button class=\"inline-flex items-center justify-center p-2 rounded-md text-gray-400 hover:text-gray-500 hover:bg-gray-100 focus:outline-none focus:bg-gray-100 focus:text-gray-500 transition duration-150 ease-in-out\" id=\"main-menu\" type=\"button\" aria-label=\"Main menu\" aria-haspopup=\"true\">\n                              <svg class=\"h-6 w-6\" stroke=\"currentColor\" fill=\"none\" viewbox=\"0 0 24 24\">\n                                 <path stroke-linecap=\"round\" stroke-linejoin=\"round\" stroke-width=\"2\" d=\"M4 6h16M4 12h16M4 18h16\"></path>\n                              </svg>\n                           </button>\n                        </div>\n                     </div>\n                  </div>\n                  <div class=\"hidden md:block md:ml-10 md:pr-4\">\n                    <a class=\"font-medium text-gray-500 hover:text-gray-900 transition duration-150 ease-in-out\" href=\"/\">Home</a>\n                    <a class=\"ml-8 font-medium text-gray-500 hover:text-gray-900 transition duration-150 ease-in-out\" href=\"/blog\">Blog</a>\n                    <a class=\"ml-8 font-medium text-indigo-600 hover:text-indigo-900 transition duration-150 ease-in-out\" href=\"/contact\">Contact</a></div>\n               </nav>\n            </div>\n            <div class=\"hidden absolute top-0 inset-x-0 p-2 transition transform origin-top-right\">\n               <div class=\"rounded-lg shadow-md\">\n                  <div class=\"rounded-lg bg-white shadow-xs overflow-hidden\" role=\"menu\" aria-orientation=\"vertical\" aria-labelledby=\"main-menu\">\n                     <div class=\"px-5 pt-4 flex items-center justify-between\">\n                        <div><img class=\"h-8 w-auto\" src=\"https://tailwindui.com/img/logos/workflow-mark-on-white.svg\" alt=\"\"></div>\n                        <div class=\"-mr-2\">\n                           <button class=\"inline-flex items-center justify-center p-2 rounded-md text-gray-400 hover:text-gray-500 hover:bg-gray-100 focus:outline-none focus:bg-gray-100 focus:text-gray-500 transition duration-150 ease-in-out\" type=\"button\" aria-label=\"Close menu\">\n                              <svg class=\"h-6 w-6\" stroke=\"currentColor\" fill=\"none\" viewbox=\"0 0 24 24\">\n                                 <path stroke-linecap=\"round\" stroke-linejoin=\"round\" stroke-width=\"2\" d=\"M6 18L18 6M6 6l12 12\"></path>\n                              </svg>\n                           </button>\n                        </div>\n                     </div>\n                     <div class=\"px-2 pt-2 pb-3\">\n                        <a class=\"block px-3 py-2 rounded-md text-base font-medium text-gray-700 hover:text-gray-900 hover:bg-gray-50 focus:outline-none focus:text-gray-900 focus:bg-gray-50 transition duration-150 ease-in-out\" href=\"/\" role=\"menuitem\">Home</a><a class=\"mt-1 block px-3 py-2 rounded-md text-base font-medium text-gray-700 hover:text-gray-900 hover:bg-gray-50 focus:outline-none focus:text-gray-900 focus:bg-gray-50 transition duration-150 ease-in-out\" href=\"/blog\" role=\"menuitem\">Blog</a></div>\n                     <div><a class=\"block w-full px-5 py-3 text-center font-medium text-indigo-600 bg-gray-50 hover:bg-gray-100 hover:text-indigo-700 focus:outline-none focus:bg-gray-100 focus:text-indigo-700 transition duration-150 ease-in-out\" href=\"/contact\" role=\"menuitem\">Contact</a></div>\n                  </div>\n               </div>\n            </div>', 1605728761),
	(2, 1, 'footer', '   {!-- Footer --}\n   <div class=\"relative bg-purple-800\">\n      <div class=\"absolute inset-0\">\n         <div class=\"absolute inset-y-0 left-0 w-1/2 bg-purple-800\"></div>\n      </div>\n      <div class=\"relative max-w-7xl mx-auto lg:grid lg:grid-cols-5\">\n         <div class=\"bg-purple-800 py-16 px-4 sm:px-6 lg:col-span-2 lg:px-8 lg:py-24 xl:pr-12\">\n            <div class=\"max-w-lg mx-auto\">\n               <h2 class=\"text-2xl leading-8 font-extrabold tracking-tight text-gray-100 sm:text-3xl sm:leading-9\">Get in touch</h2>\n               <p class=\"mt-3 text-lg leading-6 text-gray-300\">Let us know what you think</p>\n               <dl class=\"mt-8 text-base leading-6 text-gray-300\">\n                  <div>\n                     <dt class=\"sr-only\">Postal address</dt>\n                     <dd>\n                        <p>742 Evergreen Terrace</p>\n                        <p>Springfield, OR 12345</p>\n                     </dd>\n                  </div>\n                  <div class=\"mt-6\">\n                     <dt class=\"sr-only\">Phone number</dt>\n                     <dd class=\"flex\">\n                        <svg class=\"flex-shrink-0 h-6 w-6 text-gray-300\" fill=\"none\" viewbox=\"0 0 24 24\" stroke=\"currentColor\">\n                           <path stroke-linecap=\"round\" stroke-linejoin=\"round\" stroke-width=\"2\" d=\"M3 5a2 2 0 012-2h3.28a1 1 0 01.948.684l1.498 4.493a1 1 0 01-.502 1.21l-2.257 1.13a11.042 11.042 0 005.516 5.516l1.13-2.257a1 1 0 011.21-.502l4.493 1.498a1 1 0 01.684.949V19a2 2 0 01-2 2h-1C9.716 21 3 14.284 3 6V5z\"></path>\n                        </svg>\n                        <span class=\"ml-3\">+1 (555) 123-4567</span>\n                     </dd>\n                  </div>\n                  <div class=\"mt-3\">\n                     <dt class=\"sr-only\">Email</dt>\n                     <dd class=\"flex\">\n                        <svg class=\"flex-shrink-0 h-6 w-6 text-gray-400\" fill=\"none\" viewbox=\"0 0 24 24\" stroke=\"currentColor\">\n                           <path stroke-linecap=\"round\" stroke-linejoin=\"round\" stroke-width=\"2\" d=\"M3 8l7.89 5.26a2 2 0 002.22 0L21 8M5 19h14a2 2 0 002-2V7a2 2 0 00-2-2H5a2 2 0 00-2 2v10a2 2 0 002 2z\"></path>\n                        </svg>\n                        <span class=\"ml-3\">support@example.com</span>\n                     </dd>\n                  </div>\n               </dl>\n            </div>\n         </div>\n         <div class=\"bg-purple-800 py-16 px-4 sm:px-6 lg:col-span-3 lg:py-24 lg:px-8 xl:pl-12\">\n            <div class=\"max-w-lg mx-auto lg:max-w-none\">\n               <form class=\"grid grid-cols-1 row-gap-6\" action=\"#\" method=\"POST\">\n                  <div>\n                     <label class=\"sr-only\" for=\"full_name\">Full name</label>\n                     <div class=\"relative rounded-md shadow-sm\">\n                        <input class=\"form-input block w-full py-3 px-4 placeholder-gray-500 transition ease-in-out duration-150\" id=\"full_name\" placeholder=\"Full name\">\n                     </div>\n                  </div>\n                  <div>\n                     <label class=\"sr-only\" for=\"email\">Email</label>\n                     <div class=\"relative rounded-md shadow-sm\">\n                        <input class=\"form-input block w-full py-3 px-4 placeholder-gray-500 transition ease-in-out duration-150\" id=\"email\" type=\"email\" placeholder=\"Email\">\n                     </div>\n                  </div>\n                  <div>\n                     <label class=\"sr-only\" for=\"phone\">Phone</label>\n                     <div class=\"relative rounded-md shadow-sm\">\n                        <input class=\"form-input block w-full py-3 px-4 placeholder-gray-500 transition ease-in-out duration-150\" id=\"phone\" placeholder=\"Phone\">\n                     </div>\n                  </div>\n                  <div>\n                     <label class=\"sr-only\" for=\"message\">Message</label>\n                     <div class=\"relative rounded-md shadow-sm\"><textarea class=\"form-input block w-full py-3 px-4 placeholder-gray-500 transition ease-in-out duration-150\" id=\"message\" rows=\"4\" placeholder=\"Message\"></textarea></div>\n                  </div>\n                  <div>\n                     <span class=\"inline-flex rounded-md shadow-sm\">\n                     <button class=\"inline-flex justify-center py-3 px-6 border border-transparent text-base leading-6 font-medium rounded-md text-white bg-indigo-600 hover:bg-indigo-500 focus:outline-none focus:border-indigo-700 focus:shadow-outline-indigo active:bg-indigo-700 transition duration-150 ease-in-out\" type=\"submit\">Submit</button>\n                     </span>\n                  </div>\n               </form>\n            </div>\n         </div>\n      </div>\n   </div>\n   <div class=\"bg-white\">\n      <div class=\"max-w-screen-xl mx-auto py-12 px-4 overflow-hidden sm:px-6 lg:px-8\">\n         <nav class=\"-mx-5 -my-2 flex flex-wrap justify-center\">\n            <div class=\"px-5 py-2\"><a class=\"text-base leading-6 text-gray-500 hover:text-gray-900\" href=\"#\">About</a></div>\n            <div class=\"px-5 py-2\"><a class=\"text-base leading-6 text-gray-500 hover:text-gray-900\" href=\"#\">Blog</a></div>\n            <div class=\"px-5 py-2\"><a class=\"text-base leading-6 text-gray-500 hover:text-gray-900\" href=\"#\">Jobs</a></div>\n            <div class=\"px-5 py-2\"><a class=\"text-base leading-6 text-gray-500 hover:text-gray-900\" href=\"#\">Press</a></div>\n            <div class=\"px-5 py-2\"><a class=\"text-base leading-6 text-gray-500 hover:text-gray-900\" href=\"#\">Accessibility</a></div>\n            <div class=\"px-5 py-2\"><a class=\"text-base leading-6 text-gray-500 hover:text-gray-900\" href=\"#\">Partners</a></div>\n         </nav>\n         <div class=\"mt-8 flex justify-center\">\n            {!-- Facebook --}\n            <a class=\"text-gray-400 hover:text-gray-500\" href=\"{facebook}\">\n               <span class=\"sr-only\">Facebook</span>\n               <svg class=\"h-6 w-6\" fill=\"currentColor\" viewbox=\"0 0 24 24\">\n                  <path fill-rule=\"evenodd\" d=\"M22 12c0-5.523-4.477-10-10-10S2 6.477 2 12c0 4.991 3.657 9.128 8.438 9.878v-6.987h-2.54V12h2.54V9.797c0-2.506 1.492-3.89 3.777-3.89 1.094 0 2.238.195 2.238.195v2.46h-1.26c-1.243 0-1.63.771-1.63 1.562V12h2.773l-.443 2.89h-2.33v6.988C18.343 21.128 22 16.991 22 12z\" clip-rule=\"evenodd\"></path>\n               </svg>\n            </a>\n            {!-- END Facebook --}\n            <a class=\"ml-6 text-gray-400 hover:text-gray-500\" href=\"#\">\n               <span class=\"sr-only\">Instagram</span>\n               <svg class=\"h-6 w-6\" fill=\"currentColor\" viewbox=\"0 0 24 24\">\n                  <path fill-rule=\"evenodd\" d=\"M12.315 2c2.43 0 2.784.013 3.808.06 1.064.049 1.791.218 2.427.465a4.902 4.902 0 011.772 1.153 4.902 4.902 0 011.153 1.772c.247.636.416 1.363.465 2.427.048 1.067.06 1.407.06 4.123v.08c0 2.643-.012 2.987-.06 4.043-.049 1.064-.218 1.791-.465 2.427a4.902 4.902 0 01-1.153 1.772 4.902 4.902 0 01-1.772 1.153c-.636.247-1.363.416-2.427.465-1.067.048-1.407.06-4.123.06h-.08c-2.643 0-2.987-.012-4.043-.06-1.064-.049-1.791-.218-2.427-.465a4.902 4.902 0 01-1.772-1.153 4.902 4.902 0 01-1.153-1.772c-.247-.636-.416-1.363-.465-2.427-.047-1.024-.06-1.379-.06-3.808v-.63c0-2.43.013-2.784.06-3.808.049-1.064.218-1.791.465-2.427a4.902 4.902 0 011.153-1.772A4.902 4.902 0 015.45 2.525c.636-.247 1.363-.416 2.427-.465C8.901 2.013 9.256 2 11.685 2h.63zm-.081 1.802h-.468c-2.456 0-2.784.011-3.807.058-.975.045-1.504.207-1.857.344-.467.182-.8.398-1.15.748-.35.35-.566.683-.748 1.15-.137.353-.3.882-.344 1.857-.047 1.023-.058 1.351-.058 3.807v.468c0 2.456.011 2.784.058 3.807.045.975.207 1.504.344 1.857.182.466.399.8.748 1.15.35.35.683.566 1.15.748.353.137.882.3 1.857.344 1.054.048 1.37.058 4.041.058h.08c2.597 0 2.917-.01 3.96-.058.976-.045 1.505-.207 1.858-.344.466-.182.8-.398 1.15-.748.35-.35.566-.683.748-1.15.137-.353.3-.882.344-1.857.048-1.055.058-1.37.058-4.041v-.08c0-2.597-.01-2.917-.058-3.96-.045-.976-.207-1.505-.344-1.858a3.097 3.097 0 00-.748-1.15 3.098 3.098 0 00-1.15-.748c-.353-.137-.882-.3-1.857-.344-1.023-.047-1.351-.058-3.807-.058zM12 6.865a5.135 5.135 0 110 10.27 5.135 5.135 0 010-10.27zm0 1.802a3.333 3.333 0 100 6.666 3.333 3.333 0 000-6.666zm5.338-3.205a1.2 1.2 0 110 2.4 1.2 1.2 0 010-2.4z\" clip-rule=\"evenodd\"></path>\n               </svg>\n            </a>\n            <a class=\"ml-6 text-gray-400 hover:text-gray-500\" href=\"#\">\n               <span class=\"sr-only\">Twitter</span>\n               <svg class=\"h-6 w-6\" fill=\"currentColor\" viewbox=\"0 0 24 24\">\n                  <path d=\"M8.29 20.251c7.547 0 11.675-6.253 11.675-11.675 0-.178 0-.355-.012-.53A8.348 8.348 0 0022 5.92a8.19 8.19 0 01-2.357.646 4.118 4.118 0 001.804-2.27 8.224 8.224 0 01-2.605.996 4.107 4.107 0 00-6.993 3.743 11.65 11.65 0 01-8.457-4.287 4.106 4.106 0 001.27 5.477A4.072 4.072 0 012.8 9.713v.052a4.105 4.105 0 003.292 4.022 4.095 4.095 0 01-1.853.07 4.108 4.108 0 003.834 2.85A8.233 8.233 0 012 18.407a11.616 11.616 0 006.29 1.84\"></path>\n               </svg>\n            </a>\n            <a class=\"ml-6 text-gray-400 hover:text-gray-500\" href=\"#\">\n               <span class=\"sr-only\">GitHub</span>\n               <svg class=\"h-6 w-6\" fill=\"currentColor\" viewbox=\"0 0 24 24\">\n                  <path fill-rule=\"evenodd\" d=\"M12 2C6.477 2 2 6.484 2 12.017c0 4.425 2.865 8.18 6.839 9.504.5.092.682-.217.682-.483 0-.237-.008-.868-.013-1.703-2.782.605-3.369-1.343-3.369-1.343-.454-1.158-1.11-1.466-1.11-1.466-.908-.62.069-.608.069-.608 1.003.07 1.531 1.032 1.531 1.032.892 1.53 2.341 1.088 2.91.832.092-.647.35-1.088.636-1.338-2.22-.253-4.555-1.113-4.555-4.951 0-1.093.39-1.988 1.029-2.688-.103-.253-.446-1.272.098-2.65 0 0 .84-.27 2.75 1.026A9.564 9.564 0 0112 6.844c.85.004 1.705.115 2.504.337 1.909-1.296 2.747-1.027 2.747-1.027.546 1.379.202 2.398.1 2.651.64.7 1.028 1.595 1.028 2.688 0 3.848-2.339 4.695-4.566 4.943.359.309.678.92.678 1.855 0 1.338-.012 2.419-.012 2.747 0 .268.18.58.688.482A10.019 10.019 0 0022 12.017C22 6.484 17.522 2 12 2z\" clip-rule=\"evenodd\"></path>\n               </svg>\n            </a>\n            <a class=\"ml-6 text-gray-400 hover:text-gray-500\" href=\"#\">\n               <span class=\"sr-only\">Dribbble</span>\n               <svg class=\"h-6 w-6\" fill=\"currentColor\" viewbox=\"0 0 24 24\">\n                  <path fill-rule=\"evenodd\" d=\"M12 2C6.48 2 2 6.48 2 12s4.48 10 10 10c5.51 0 10-4.48 10-10S17.51 2 12 2zm6.605 4.61a8.502 8.502 0 011.93 5.314c-.281-.054-3.101-.629-5.943-.271-.065-.141-.12-.293-.184-.445a25.416 25.416 0 00-.564-1.236c3.145-1.28 4.577-3.124 4.761-3.362zM12 3.475c2.17 0 4.154.813 5.662 2.148-.152.216-1.443 1.941-4.48 3.08-1.399-2.57-2.95-4.675-3.189-5A8.687 8.687 0 0112 3.475zm-3.633.803a53.896 53.896 0 013.167 4.935c-3.992 1.063-7.517 1.04-7.896 1.04a8.581 8.581 0 014.729-5.975zM3.453 12.01v-.26c.37.01 4.512.065 8.775-1.215.25.477.477.965.694 1.453-.109.033-.228.065-.336.098-4.404 1.42-6.747 5.303-6.942 5.629a8.522 8.522 0 01-2.19-5.705zM12 20.547a8.482 8.482 0 01-5.239-1.8c.152-.315 1.888-3.656 6.703-5.337.022-.01.033-.01.054-.022a35.318 35.318 0 011.823 6.475 8.4 8.4 0 01-3.341.684zm4.761-1.465c-.086-.52-.542-3.015-1.659-6.084 2.679-.423 5.022.271 5.314.369a8.468 8.468 0 01-3.655 5.715z\" clip-rule=\"evenodd\"></path>\n               </svg>\n            </a>\n         </div>\n         <div class=\"mt-8\">\n            <p class=\"text-center text-base leading-6 text-gray-400\">&copy; 2020 tripleNERDscore, Inc. All rights reserved.</p>\n         </div>\n      </div>\n   </div>\n</div>', 1606069575),
	(3, 1, 'seo', '<!-- Google / Search Engine Tags -->\n<meta itemprop=\"name\" content=\"{if seo_title}{seo_title}{if:else}{title}{/if}\">\n<meta itemprop=\"description\" content=\"{if seo_description}{seo_description}{if:else}{subtitle}{/if}\">\n<meta itemprop=\"image\" content=\"{featured_image}\">\n\n<!-- Facebook Meta Tags -->\n<meta property=\"og:url\" content=\"{site_url}/blog/{url_title}\">\n<meta property=\"og:type\" content=\"website\">\n<meta property=\"og:title\" content=\"{if seo_title}{seo_title}{if:else}{title}{/if}\">\n<meta property=\"og:description\" content=\"{if seo_description}{seo_description}{if:else}{subtitle}{/if}\">\n<meta property=\"og:image\" content=\"{featured_image}\">\n\n<!-- Twitter Meta Tags -->\n<meta name=\"twitter:card\" content=\"summary_large_image\">\n<meta name=\"twitter:title\" content=\"{if seo_title}{seo_title}{if:else}{title}{/if}\">\n<meta name=\"twitter:description\" content=\"{if seo_description}{seo_description}{if:else}{subtitle}{/if}\">\n<meta name=\"twitter:image\" content=\"{featured_image}\">\n\n<!-- No Robots -->\n{if no_robots}\n	<meta name=\"robots\" content=\"noindex\" />\n{/if}', 1606069806);

INSERT INTO `exp_specialty_templates` (`template_id`, `site_id`, `enable_template`, `template_name`, `data_title`, `template_type`, `template_subtype`, `template_data`, `template_notes`, `edit_date`, `last_author_id`) VALUES 
	(1, 1, 'y', 'offline_template', '', 'system', NULL, '<!doctype html>\n<html dir=\"ltr\">\n    <head>\n        <title>System Offline</title>\n        <meta content=\"width=device-width, initial-scale=1.0, maximum-scale=1.0, user-scalable=no\"  name=\"viewport\">\n\n        <style type=\"text/css\">\n:root, body {\n    --ee-panel-bg: #fff;\n    --ee-panel-border: #dfe0ef;\n    --ee-text-normal: #0d0d19;\n    --ee-main-bg: #f7f7fb;\n    --ee-link: #5D63F1;\n    --ee-link-hover: #171feb;\n}\n\n*, :after, :before {\n    box-sizing: inherit;\n}\n\nhtml {\n    box-sizing: border-box;\n    font-size: 15px;\n    height: 100%;\n    line-height: 1.15;\n}\n\nbody {\n    font-family: Roboto,system-ui,-apple-system,BlinkMacSystemFont,\"Segoe UI\",Roboto,Ubuntu,\"Helvetica Neue\",Oxygen,Cantarell,sans-serif;\n    height: 100%;\n    font-size: 1rem;\n    line-height: 1.6;\n    color: var(--ee-text-normal);\n    background: var(--ee-main-bg);\n    -webkit-font-smoothing: antialiased;\n    margin: 0;\n}\n\n.panel {\n    margin-bottom: 20px;\n    background-color: var(--ee-panel-bg);\n    border: 1px solid var(--ee-panel-border);\n    border-radius: 6px;\n}\n.redirect {\n	max-width: 700px;\n	min-width: 350px;\n    position: absolute;\n    top: 50%;\n    left: 50%;\n    transform: translate(-50%,-50%);\n}\n\n.panel-heading {\n    padding: 20px 25px;\n    position: relative;\n}\n\n.panel-body {\n    padding: 20px 25px;\n}\n\n.panel-body:after, .panel-body:before {\n    content: \" \";\n    display: table;\n}\n\n.redirect p {\n    margin-bottom: 20px;\n}\np {\n    line-height: 1.6;\n}\na, blockquote, code, h1, h2, h3, h4, h5, h6, ol, p, pre, ul {\n    color: inherit;\n    margin: 0;\n    padding: 0;\n    font-weight: inherit;\n}\n\na {\n    color: var(--ee-link);\n    text-decoration: none;\n    -webkit-transition: color .15s ease-in-out;\n    -moz-transition: color .15s ease-in-out;\n    -o-transition: color .15s ease-in-out;\n}\n\na:hover {\n    color: var(--ee-link-hover);\n}\n\nh3 {\n    font-size: 1.35em;\n    font-weight: 500;\n}\n\nol, ul {\n    padding-left: 0;\n}\n\nol li, ul li {\n    list-style-position: inside;\n}\n\n.panel-footer {\n    padding: 20px 25px;\n    position: relative;\n}\n\n\n        </style>\n    </head>\n    <body>\n        <section class=\"flex-wrap\">\n            <section class=\"wrap\">\n                <div class=\"panel redirect\">\n                    <div class=\"panel-heading\">\n                        <h3>System Offline</h3>\n                    </div>\n					<div class=\"panel-body\">\n					This site is currently offline\n                    </div>\n                </div>\n            </section>\n        </section>\n    </body>\n</html>', NULL, 1604839755, 0),
	(2, 1, 'y', 'message_template', '', 'system', NULL, '<!doctype html>\n<html dir=\"ltr\">\n    <head>\n        <title>{title}</title>\n        <meta http-equiv=\"content-type\" content=\"text/html; charset={charset}\">\n        <meta content=\"width=device-width, initial-scale=1.0, maximum-scale=1.0, user-scalable=no\"  name=\"viewport\">\n        <meta name=\"referrer\" content=\"no-referrer\">\n        {meta_refresh}\n        <style type=\"text/css\">\n:root, body {\n    --ee-panel-bg: #fff;\n    --ee-panel-border: #dfe0ef;\n    --ee-text-normal: #0d0d19;\n    --ee-main-bg: #f7f7fb;\n    --ee-link: #5D63F1;\n    --ee-link-hover: #171feb;\n}\n\n*, :after, :before {\n    box-sizing: inherit;\n}\n\nhtml {\n    box-sizing: border-box;\n    font-size: 15px;\n    height: 100%;\n    line-height: 1.15;\n}\n\nbody {\n    font-family: Roboto,system-ui,-apple-system,BlinkMacSystemFont,\"Segoe UI\",Roboto,Ubuntu,\"Helvetica Neue\",Oxygen,Cantarell,sans-serif;\n    height: 100%;\n    font-size: 1rem;\n    line-height: 1.6;\n    color: var(--ee-text-normal);\n    background: var(--ee-main-bg);\n    -webkit-font-smoothing: antialiased;\n    margin: 0;\n}\n\n.panel {\n    margin-bottom: 20px;\n    background-color: var(--ee-panel-bg);\n    border: 1px solid var(--ee-panel-border);\n    border-radius: 6px;\n}\n.redirect {\n	max-width: 700px;\n	min-width: 350px;\n    position: absolute;\n    top: 50%;\n    left: 50%;\n    transform: translate(-50%,-50%);\n}\n\n.panel-heading {\n    padding: 20px 25px;\n    position: relative;\n}\n\n.panel-body {\n    padding: 20px 25px;\n}\n\n.panel-body:after, .panel-body:before {\n    content: \" \";\n    display: table;\n}\n\n.redirect p {\n    margin-bottom: 20px;\n}\np {\n    line-height: 1.6;\n}\na, blockquote, code, h1, h2, h3, h4, h5, h6, ol, p, pre, ul {\n    color: inherit;\n    margin: 0;\n    padding: 0;\n    font-weight: inherit;\n}\n\na {\n    color: var(--ee-link);\n    text-decoration: none;\n    -webkit-transition: color .15s ease-in-out;\n    -moz-transition: color .15s ease-in-out;\n    -o-transition: color .15s ease-in-out;\n}\n\na:hover {\n    color: var(--ee-link-hover);\n}\n\nh3 {\n    font-size: 1.35em;\n    font-weight: 500;\n}\n\nol, ul {\n    padding-left: 0;\n}\n\nol li, ul li {\n    list-style-position: inside;\n}\n\n.panel-footer {\n    padding: 20px 25px;\n    position: relative;\n}\n\n\n        </style>\n    </head>\n    <body>\n        <section class=\"flex-wrap\">\n            <section class=\"wrap\">\n                <div class=\"panel redirect\">\n                    <div class=\"panel-heading\">\n                        <h3>{heading}</h3>\n                    </div>\n                    <div class=\"panel-body\">\n                        {content}\n\n\n                    </div>\n                    <div class=\"panel-footer\">\n                        {link}\n                    </div>\n                </div>\n            </section>\n        </section>\n    </body>\n</html>', NULL, 1604839755, 0),
	(3, 1, 'y', 'admin_notify_reg', 'Notification of new member registration', 'email', 'members', 'New member registration site: {site_name}\n\nScreen name: {name}\nUser name: {username}\nEmail: {email}\n\nYour control panel URL: {control_panel_url}', NULL, 1604839755, 0),
	(4, 1, 'y', 'admin_notify_entry', 'A new channel entry has been posted', 'email', 'content', 'A new entry has been posted in the following channel:\n{channel_name}\n\nThe title of the entry is:\n{entry_title}\n\nPosted by: {name}\nEmail: {email}\n\nTo read the entry please visit:\n{entry_url}\n', NULL, 1604839755, 0),
	(5, 1, 'y', 'admin_notify_comment', 'You have just received a comment', 'email', 'comments', 'You have just received a comment for the following channel:\n{channel_name}\n\nThe title of the entry is:\n{entry_title}\n\nLocated at:\n{comment_url}\n\nPosted by: {name}\nEmail: {email}\nURL: {url}\nLocation: {location}\n\n{comment}', NULL, 1604839755, 0),
	(6, 1, 'y', 'mbr_activation_instructions', 'Enclosed is your activation code', 'email', 'members', 'Thank you for your new member registration.\n\nTo activate your new account, please visit the following URL:\n\n{unwrap}{activation_url}{/unwrap}\n\nThank You!\n\n{site_name}\n\n{site_url}', NULL, 1604839755, 0),
	(7, 1, 'y', 'forgot_password_instructions', 'Login information', 'email', 'members', '{name},\n\nTo reset your password, please go to the following page:\n\n{reset_url}\n\nThen log in with your username: {username}\n\nIf you do not wish to reset your password, ignore this message. It will expire in 24 hours.\n\n{site_name}\n{site_url}', NULL, 1604839755, 0),
	(8, 1, 'y', 'password_changed_notification', 'Password changed', 'email', 'members', '{name},\n\nYour password was just changed.\n\nIf you didn\'t make this change yourself, please contact an administrator right away.\n\n{site_name}\n{site_url}', NULL, 1604839755, 0),
	(9, 1, 'y', 'email_changed_notification', 'Email address changed', 'email', 'members', '{name},\n\nYour email address has been changed, and this email address is no longer associated with your account.\n\nIf you didn\'t make this change yourself, please contact an administrator right away.\n\n{site_name}\n{site_url}', NULL, 1604839755, 0),
	(10, 1, 'y', 'validated_member_notify', 'Your membership account has been activated', 'email', 'members', '{name},\n\nYour membership account has been activated and is ready for use.\n\nThank You!\n\n{site_name}\n{site_url}', NULL, 1604839755, 0),
	(11, 1, 'y', 'decline_member_validation', 'Your membership account has been declined', 'email', 'members', '{name},\n\nWe\'re sorry but our staff has decided not to validate your membership.\n\n{site_name}\n{site_url}', NULL, 1604839755, 0),
	(12, 1, 'y', 'comment_notification', 'Someone just responded to your comment', 'email', 'comments', '{name_of_commenter} just responded to the entry you subscribed to at:\n{channel_name}\n\nThe title of the entry is:\n{entry_title}\n\nYou can see the comment at the following URL:\n{comment_url}\n\n{comment}\n\nTo stop receiving notifications for this comment, click here:\n{notification_removal_url}', NULL, 1604839755, 0),
	(13, 1, 'y', 'comments_opened_notification', 'New comments have been added', 'email', 'comments', 'Responses have been added to the entry you subscribed to at:\n{channel_name}\n\nThe title of the entry is:\n{entry_title}\n\nYou can see the comments at the following URL:\n{comment_url}\n\n{comments}\n{comment}\n{/comments}\n\nTo stop receiving notifications for this entry, click here:\n{notification_removal_url}', NULL, 1604839755, 0),
	(14, 1, 'y', 'private_message_notification', 'Someone has sent you a Private Message', 'email', 'private_messages', '\n{recipient_name},\n\n{sender_name} has just sent you a Private Message titled {message_subject}.\n\nYou can see the Private Message by logging in and viewing your inbox at:\n{site_url}\n\nContent:\n\n{message_content}\n\nTo stop receiving notifications of Private Messages, turn the option off in your Email Settings.\n\n{site_name}\n{site_url}', NULL, 1604839755, 0),
	(15, 1, 'y', 'pm_inbox_full', 'Your private message mailbox is full', 'email', 'private_messages', '{recipient_name},\n\n{sender_name} has just attempted to send you a Private Message,\nbut your inbox is full, exceeding the maximum of {pm_storage_limit}.\n\nPlease log in and remove unwanted messages from your inbox at:\n{site_url}', NULL, 1604839755, 0);

INSERT INTO `exp_stats` (`stat_id`, `site_id`, `total_members`, `recent_member_id`, `recent_member`, `total_entries`, `total_forum_topics`, `total_forum_posts`, `total_comments`, `last_entry_date`, `last_forum_post_date`, `last_comment_date`, `last_visitor_date`, `most_visitors`, `most_visitor_date`, `last_cache_clear`) VALUES 
	(1, 1, 1, 1, 'doug', 5, 0, 0, 0, 1605724440, 0, 0, 0, 0, 0, 1606325643);

INSERT INTO `exp_statuses` (`status_id`, `status`, `status_order`, `highlight`) VALUES 
	(1, 'open', 1, '009933'),
	(2, 'closed', 2, '990000');

INSERT INTO `exp_statuses_roles` (`role_id`, `status_id`) VALUES 
	(5, 1),
	(5, 2);

INSERT INTO `exp_template_groups` (`group_id`, `site_id`, `group_name`, `group_order`, `is_site_default`) VALUES 
	(1, 1, 'default', 1, 'y'),
	(2, 1, 'blog', 2, 'n'),
	(3, 1, 'layouts', 3, 'n'),
	(4, 1, 'embeds', 4, 'n');

INSERT INTO `exp_templates` (`template_id`, `site_id`, `group_id`, `template_name`, `template_type`, `template_data`, `template_notes`, `edit_date`, `last_author_id`, `cache`, `refresh`, `no_auth_bounce`, `enable_http_auth`, `allow_php`, `php_parse_location`, `hits`, `protect_javascript`) VALUES 
	(1, 1, 1, 'index', 'webpage', '{layout=\"layouts/main\"}\n            {exp:channel:entries channel=\"page\" url_title=\"homepage\"}\n                     <main class=\"mt-10 mx-auto max-w-screen-xl px-4 sm:mt-12 sm:px-6 md:mt-16 lg:mt-20 lg:px-8 xl:mt-28\">\n                        <div class=\"sm:text-center lg:text-left\">\n                           <h2 class=\"text-4xl tracking-tight leading-10 font-extrabold text-gray-900 sm:text-5xl sm:leading-none md:text-6xl\">\n                              <span class=\"mr-1\">{title}</span>\n                           </h2>\n                           <p class=\"mt-3 text-base text-gray-500 sm:mt-5 sm:text-lg sm:max-w-xl sm:mx-auto md:mt-5 md:text-xl lg:mx-0\">{subtitle}</p>\n                        </div>\n                     </main>\n                  </div>\n               </div>\n               <div class=\"lg:absolute lg:inset-y-0 lg:right-0 lg:w-1/2\"><img class=\"h-56 w-full object-cover sm:h-72 md:h-96 lg:w-full lg:h-full\" src=\"https://images.unsplash.com/photo-1551434678-e076c223a692?ixlib=rb-1.2.1&amp;ixid=eyJhcHBfaWQiOjEyMDd9&amp;auto=format&amp;fit=crop&amp;w=2850&amp;q=80\" alt=\"\"></div>\n            </div>\n            <section class=\"py-12 bg-gray-50 overflow-hidden md:py-20 lg:py-24\">\n               <div class=\"relative max-w-screen-xl mx-auto px-4 sm:px-6 lg:px-8\">\n                  <svg class=\"absolute top-full right-full transform translate-x-1/3 -translate-y-1/4 lg:translate-x-1/2 xl:-translate-y-1/2\" width=\"404\" height=\"404\" fill=\"none\" viewbox=\"0 0 404 404\" role=\"img\" aria-labelledby=\"svg-workcation\">\n                     <defs>\n                        <pattern id=\"ad119f34-7694-4c31-947f-5c9d249b21f3\" x=\"0\" y=\"0\" width=\"20\" height=\"20\" patternunits=\"userSpaceOnUse\">\n                           <rect class=\"text-gray-200\" x=\"0\" y=\"0\" width=\"4\" height=\"4\" fill=\"currentColor\"></rect>\n                        </pattern>\n                     </defs>\n                     <rect width=\"404\" height=\"404\" fill=\"url(#ad119f34-7694-4c31-947f-5c9d249b21f3)\"></rect>\n                  </svg>\n                  <div class=\"relative\">\n                  	{page_content}\n                  </div>\n               </div>\n            </section>\n         {/exp:channel:entries}\n         <div class=\"relative bg-gray-50 pt-16 pb-20 px-4 sm:px-6 lg:pt-24 lg:pb-28 lg:px-8\">\n            <div class=\"absolute inset-0\">\n               <div class=\"bg-white h-1/3 sm:h-2/3\"></div>\n            </div>\n            <div class=\"relative max-w-7xl mx-auto\">\n               <div class=\"text-center\">\n                  <h2 class=\"text-3xl leading-9 tracking-tight font-extrabold text-gray-900 sm:text-4xl sm:leading-10\">From the blog</h2>\n                  <p class=\"mt-3 max-w-2xl mx-auto text-xl leading-7 text-gray-500 sm:mt-4\">Lorem ipsum dolor sit amet consectetur, adipisicing elit. Ipsa libero labore natus atque, ducimus sed.</p>\n               </div>\n               <!-- Blog container -->\n               <div class=\"mt-12 grid gap-5 max-w-lg mx-auto lg:grid-cols-3 lg:max-w-none\">\n                  <!-- Blog card -->\n                  {exp:channel:entries channel=\"blog\" limit=\"3\" dynamic=\"no\"}\n                     <div class=\"flex flex-col rounded-lg shadow-lg overflow-hidden\">\n                        <div class=\"flex-shrink-0\">\n                           {featured_image}\n                              <img class=\"h-48 w-full object-cover\" src=\"{url}\" alt=\"{title}\" />\n                           {/featured_image}\n                        </div>\n                        <div class=\"flex-1 bg-white p-6 flex flex-col justify-between\">\n                           <div class=\"flex-1\">\n                              {!-- Categories --}\n                              <p class=\"text-sm leading-5 font-medium text-indigo-600\">\n                                 {if has_categories}\n                                    {categories backspace=\"2\"}<a class=\"hover:underline\" href=\"/blog/entry/{url_title}\">{category_name}</a>, {/categories}\n                                 {/if}\n                              </p>\n                              {!-- End categories --}\n                              <a class=\"block\" href=\"/blog/entry/{url_title}\">\n                                 <h3 class=\"mt-2 text-xl leading-7 font-semibold text-gray-900\">\n                                    {title}\n                                 </h3>\n                                 {!-- <p class=\"mt-3 text-base leading-6 text-gray-500\">Lorem ipsum dolor sit amet consectetur adipisicing elit. Architecto accusantium praesentium eius, ut atque fuga culpa, similique sequi cum eos quis dolorum.</p> --}\n                                 <p class=\"mt-3 text-base leading-6 text-gray-500\">{blog_content:attr_safe limit=\"150\"}</p>\n                              </a>\n                           </div>\n                           <div class=\"mt-6 flex items-center\">\n                              <div class=\"flex-shrink-0\">\n                                 <a href=\"#\"><img class=\"h-10 w-10 rounded-full\" src=\"https://images.unsplash.com/photo-1472099645785-5658abf4ff4e?ixlib=rb-1.2.1&amp;ixid=eyJhcHBfaWQiOjEyMDd9&amp;auto=format&amp;fit=facearea&amp;facepad=2&amp;w=256&amp;h=256&amp;q=80\" alt=\"\"></a></div>\n                              <div class=\"ml-3\">\n                                 <p class=\"text-sm leading-5 font-medium text-gray-900\"><a class=\"hover:underline\" href=\"#\">{author}</a></p>\n                                 <div class=\"flex text-sm leading-5 text-gray-500\">\n                                    <time datetime=\"{entry_date format=\'%Y-%m-%d\'}\">{entry_date format=\"%M %d, %Y\"}</time>\n                                    <span class=\"mx-1\">&middot;</span>\n                                    <span>6 min read</span>\n                                 </div>\n                              </div>\n                           </div>\n                        </div>\n                     </div>\n                  {/exp:channel:entries}\n               </div>\n            </div>\n         </div>', NULL, 1606067693, 0, 'n', 0, '', 'n', 'n', 'o', 0, 'n'),
	(2, 1, 2, 'index', 'webpage', '{layout=\"layouts/main\"}\n				<main class=\"mt-10 mx-auto max-w-screen-xl px-4 sm:mt-12 sm:px-6 md:mt-16 lg:mt-20 lg:px-8 xl:mt-28\">\n                        <div class=\"sm:text-center lg:text-left\">\n                           <h2 class=\"text-4xl tracking-tight leading-10 font-extrabold text-gray-900 sm:text-5xl sm:leading-none md:text-6xl\">\n                              <span class=\"mr-1\">From the blog</span>\n                           </h2>\n                           <p class=\"mt-3 text-base text-gray-500 sm:mt-5 sm:text-lg sm:max-w-xl sm:mx-auto md:mt-5 md:text-xl lg:mx-0\">Sooooo good.</p>\n                        </div>\n                     </main>\n                  </div>\n               </div>\n\n               <div class=\"lg:absolute lg:inset-y-0 lg:right-0 lg:w-1/2\">\n               	<img class=\"absolute inset-0 object-cover\" src=\"https://images.unsplash.com/photo-1520333789090-1afc82db536a?ixlib=rb-1.2.1&amp;ixid=eyJhcHBfaWQiOjEyMDd9&amp;auto=format&amp;fit=center&amp;w=2102&amp;q=80\" alt=\"\"></div>\n		\n			<div class=\"relative bg-gray-50 pt-16 pb-20 px-4 sm:px-6 lg:pt-24 lg:pb-28 lg:px-8\">\n				<div class=\"absolute inset-0\">\n					<div class=\"bg-white h-1/3 sm:h-2/3\"></div>\n				</div>\n				<div class=\"relative max-w-7xl mx-auto\">\n					<div class=\"text-center\">\n						<h2 class=\"text-3xl leading-9 tracking-tight font-extrabold text-gray-900 sm:text-4xl sm:leading-10\">From the blog</h2>\n						<p class=\"mt-3 max-w-2xl mx-auto text-xl leading-7 text-gray-500 sm:mt-4\">Lorem ipsum dolor sit amet consectetur, adipisicing elit. Ipsa libero labore natus atque, ducimus sed.</p>\n					</div>\n					<!-- blog grid -->\n					<div class=\"mt-12 grid gap-5 max-w-lg mx-auto lg:grid-cols-3 lg:max-w-none\">\n						{exp:channel:entries channel=\"blog\" dynamic=\"no\"}\n						   <div class=\"flex flex-col rounded-lg shadow-lg overflow-hidden\">\n						      <div class=\"flex-shrink-0\">\n						         {featured_image}\n						            <img class=\"h-48 w-full object-cover\" src=\"{url}\" alt=\"{title}\" />\n						         {/featured_image}\n						      </div>\n						      <div class=\"flex-1 bg-white p-6 flex flex-col justify-between\">\n						         <div class=\"flex-1\">\n						            {!-- Categories --}\n						            <p class=\"text-sm leading-5 font-medium text-indigo-600\">\n						               {if has_categories}\n						                  {categories backspace=\"2\"}<a class=\"hover:underline\" href=\"/blog/entry/{url_title}\">{category_name}</a>, {/categories}\n						               {/if}\n						            </p>\n						            <a class=\"block\" href=\"/blog/entry/{url_title}\">\n						               <h3 class=\"mt-2 text-xl leading-7 font-semibold text-gray-900\">\n						                  {title}\n						               </h3>\n						               <p class=\"mt-3 text-base leading-6 text-gray-500\">{blog_content:attr_safe limit=\"150\"}</p>\n						            </a>\n						         </div>\n						         <div class=\"mt-6 flex items-center\">\n						            <div class=\"flex-shrink-0\">\n						               <a href=\"#\"><img class=\"h-10 w-10 rounded-full\" src=\"https://images.unsplash.com/photo-1472099645785-5658abf4ff4e?ixlib=rb-1.2.1&amp;ixid=eyJhcHBfaWQiOjEyMDd9&amp;auto=format&amp;fit=facearea&amp;facepad=2&amp;w=256&amp;h=256&amp;q=80\" alt=\"\"></a></div>\n						            <div class=\"ml-3\">\n						               <p class=\"text-sm leading-5 font-medium text-gray-900\"><a class=\"hover:underline\" href=\"#\">{author}</a></p>\n						               <div class=\"flex text-sm leading-5 text-gray-500\">\n						                  <time datetime=\"{entry_date format=\'%Y-%m-%d\'}\">{entry_date format=\"%M %d, %Y\"}</time>\n						                  <span class=\"mx-1\">&middot;</span>\n						                  <span>6 min read</span>\n						               </div>\n						            </div>\n						         </div>\n						      </div>\n						   </div>\n						{/exp:channel:entries}\n					</div>\n				</div>\n			</div>', NULL, 1606065262, 1, 'n', 0, '', 'n', 'n', 'o', 0, 'n'),
	(3, 1, 2, 'entry', 'webpage', '{layout=\"layouts/main\"}\n	{exp:channel:entries channel=\"blog\" url_title=\"{segment_3}\"}\n		{layout:set name=\"title\"}{title}{/layout:set}\n			<main class=\"mt-10 mx-auto max-w-screen-xl px-4 sm:mt-12 sm:px-6 md:mt-16 lg:mt-20 lg:px-8 xl:mt-28\">\n				<div class=\"sm:text-center lg:text-left\">\n					<h2 class=\"text-4xl tracking-tight leading-10 font-extrabold text-gray-900 sm:text-5xl sm:leading-none md:text-6xl\">\n						<span class=\"mr-1\">{title}</span>\n					</h2>\n				</div>\n			</main>\n		</div>\n	</div>\n\n	<div class=\"lg:absolute lg:inset-y-0 lg:right-0 lg:w-1/2\">\n		<img class=\"absolute inset-0 object-cover\" src=\"{featured_image}\" alt=\"\"></div>\n			<div class=\"relative py-16 bg-white overflow-hidden\">\n				<div class=\"hidden lg:block lg:absolute lg:inset-y-0 lg:h-full lg:w-full\">\n					<div class=\"relative h-full text-lg max-w-prose mx-auto\">\n						<svg class=\"absolute top-12 left-full transform translate-x-32\" width=\"404\" height=\"384\" fill=\"none\" viewbox=\"0 0 404 384\"><defs><pattern id=\"74b3fd99-0a6f-4271-bef2-e80eeafdf357\" x=\"0\" y=\"0\" width=\"20\" height=\"20\" patternunits=\"userSpaceOnUse\"><rect class=\"text-gray-200\" x=\"0\" y=\"0\" width=\"4\" height=\"4\" fill=\"currentColor\"></rect></pattern></defs><rect width=\"404\" height=\"384\" fill=\"url(#74b3fd99-0a6f-4271-bef2-e80eeafdf357)\"></rect></svg>\n						<svg class=\"absolute top-1/2 right-full transform -translate-y-1/2 -translate-x-32\" width=\"404\" height=\"384\" fill=\"none\" viewbox=\"0 0 404 384\"><defs><pattern id=\"f210dbf6-a58d-4871-961e-36d5016a0f49\" x=\"0\" y=\"0\" width=\"20\" height=\"20\" patternunits=\"userSpaceOnUse\"><rect class=\"text-gray-200\" x=\"0\" y=\"0\" width=\"4\" height=\"4\" fill=\"currentColor\"></rect></pattern></defs><rect width=\"404\" height=\"384\" fill=\"url(#f210dbf6-a58d-4871-961e-36d5016a0f49)\"></rect></svg>\n						<svg class=\"absolute bottom-12 left-full transform translate-x-32\" width=\"404\" height=\"384\" fill=\"none\" viewbox=\"0 0 404 384\"><defs><pattern id=\"d3eb07ae-5182-43e6-857d-35c643af9034\" x=\"0\" y=\"0\" width=\"20\" height=\"20\" patternunits=\"userSpaceOnUse\"><rect class=\"text-gray-200\" x=\"0\" y=\"0\" width=\"4\" height=\"4\" fill=\"currentColor\"></rect></pattern></defs><rect width=\"404\" height=\"384\" fill=\"url(#d3eb07ae-5182-43e6-857d-35c643af9034)\"></rect></svg>\n					</div>\n				</div>\n				<div class=\"relative px-4 sm:px-6 lg:px-8\">\n					{blog_content}\n				</div>\n			</div>\n			<div class=\"relative max-w-7xl mx-auto\">\n			   <div class=\"text-center\">\n			      <h2 class=\"text-3xl leading-9 tracking-tight font-extrabold text-gray-900 sm:text-4xl sm:leading-10\">Related Blogs</h2>\n			   </div>\n			   <!-- Blog container -->\n			   <div class=\"mt-12 grid gap-5 max-w-lg mx-auto lg:grid-cols-3 lg:max-w-none\">\n			      <!-- Blog card -->\n			      {related_blogs}\n			         <div class=\"flex flex-col rounded-lg shadow-lg overflow-hidden\">\n			            <div class=\"flex-shrink-0\">\n			               {related_blogs:featured_image}\n			                  <img class=\"h-48 w-full object-cover\" src=\"{url}\" alt=\"{title}\" />\n			               {/related_blogs:featured_image}\n			            </div>\n			            <div class=\"flex-1 bg-white p-6 flex flex-col justify-between\">\n			               <div class=\"flex-1\">\n			                  {!-- Categories --}\n			                  <p class=\"text-sm leading-5 font-medium text-indigo-600\">\n			                     {if related_blogs:has_categories}\n			                        {related_blogs:categories backspace=\"2\"}<a class=\"hover:underline\" href=\"/blog/entry/{url_title}\">{category_name}</a>, {/related_blogs:categories}\n			                     {/if}\n			                  </p>\n			                  {!-- End categories --}\n			                  <a class=\"block\" href=\"/blog/entry/{related_blogs:url_title}\">\n			                     <h3 class=\"mt-2 text-xl leading-7 font-semibold text-gray-900\">\n			                        {related_blogs:title}\n			                     </h3>\n			                     <p class=\"mt-3 text-base leading-6 text-gray-500\">{related_blogs:blog_content:attr_safe limit=\"150\"}</p>\n			                  </a>\n			               </div>\n			               <div class=\"mt-6 flex items-center\">\n			                  <div class=\"flex-shrink-0\">\n			                     <a href=\"#\"><img class=\"h-10 w-10 rounded-full\" src=\"https://images.unsplash.com/photo-1472099645785-5658abf4ff4e?ixlib=rb-1.2.1&amp;ixid=eyJhcHBfaWQiOjEyMDd9&amp;auto=format&amp;fit=facearea&amp;facepad=2&amp;w=256&amp;h=256&amp;q=80\" alt=\"\"></a></div>\n			                  <div class=\"ml-3\">\n			                     <p class=\"text-sm leading-5 font-medium text-gray-900\"><a class=\"hover:underline\" href=\"#\">{related_blogs:author}</a></p>\n			                     <div class=\"flex text-sm leading-5 text-gray-500\">\n			                        <time datetime=\"{related_blogs:entry_date format=\'%Y-%m-%d\'}\">{related_blogs:entry_date format=\"%M %d, %Y\"}</time>\n			                        <span class=\"mx-1\">&middot;</span>\n			                        <span>6 min read</span>\n			                     </div>\n			                  </div>\n			               </div>\n			            </div>\n			         </div>\n			      {/related_blogs}\n			   </div>\n			</div>\n	{/exp:channel:entries}\n		\n<div class=\"bg-gray-800\">\n	<div class=\"max-w-screen-xl mx-auto py-12 px-4 sm:px-6 lg:py-16 lg:px-8 lg:flex lg:items-center\">\n		<div class=\"lg:w-0 lg:flex-1\">\n			<h2 class=\"text-3xl leading-9 font-extrabold tracking-tight text-white sm:text-4xl sm:leading-10\" id=\"newsletter-headline\">Sign up for our newsletter</h2>\n			<p class=\"mt-3 max-w-3xl text-lg leading-6 text-gray-300\">Anim aute id magna aliqua ad ad non deserunt sunt. Qui irure qui Lorem cupidatat commodo. Elit sunt amet fugiat veniam occaecat fugiat.</p>\n		</div>\n		<div class=\"mt-8 lg:mt-0 lg:ml-8\">\n			<form class=\"sm:flex\" aria-labelledby=\"newsletter-headline\">\n				<input class=\"appearance-none w-full px-5 py-3 border border-transparent text-base leading-6 rounded-md text-gray-900 bg-white placeholder-gray-500 focus:outline-none focus:placeholder-gray-400 transition duration-150 ease-in-out sm:max-w-xs\" aria-label=\"Email address\" type=\"email\" required=\"\" placeholder=\"Enter your email\">\n				<div class=\"mt-3 rounded-md shadow sm:mt-0 sm:ml-3 sm:flex-shrink-0\">\n					<button class=\"w-full flex items-center justify-center px-5 py-3 border border-transparent text-base leading-6 font-medium rounded-md text-white bg-indigo-500 hover:bg-indigo-400 focus:outline-none focus:bg-indigo-400 transition duration-150 ease-in-out\">Notify me</button>\n				</div>\n			</form>\n			<p class=\"mt-3 text-sm leading-5 text-gray-300\">We care about the protection of your data. Read our <a class=\"text-white font-medium underline\" href=\"#\">Privacy Policy.</a></p>\n		</div>\n	</div>\n</div>', NULL, 1606068029, 1, 'n', 0, '', 'n', 'n', 'o', 0, 'n'),
	(4, 1, 3, 'main', 'webpage', '<!DOCTYPE html>\n<html lang=\"en\">\n   <head>\n      <title>{if layout:title}{layout:title}{if:else}Welcome to Our Site!{/if}</title>\n      <meta charset=\"utf-8\">\n      <meta name=\"viewport\" content=\"width=device-width, initial-scale=1, shrink-to-fit=no\">\n      <meta name=\"description\" content=\"\">\n      <meta name=\"author\" content=\"\">\n      <link rel=\"stylesheet\" href=\"https://rsms.me/inter/inter.css\">\n      <link rel=\"stylesheet\" href=\"https://cdn.jsdelivr.net/npm/@tailwindcss/ui@latest/dist/tailwind-ui.min.css\">\n      <link rel=\"icon\" type=\"image/png\" sizes=\"16x16\" href=\"favicon-tailwind.png\">\n      <style type=\"text/css\">\n         html, .font-sans{font-family:\"Inter var\",system-ui,-apple-system,BlinkMacSystemFont,\"Segoe UI\",Roboto,\"Helvetica Neue\",Arial,\"Noto Sans\",sans-serif,\"Apple Color Emoji\",\"Segoe UI Emoji\",\"Segoe UI Symbol\",\"Noto Color Emoji\"}\n         .sm:font-sans{font-family:\"Inter var\",system-ui,-apple-system,BlinkMacSystemFont,\"Segoe UI\",Roboto,\"Helvetica Neue\",Arial,\"Noto Sans\",sans-serif,\"Apple Color Emoji\",\"Segoe UI Emoji\",\"Segoe UI Symbol\",\"Noto Color Emoji\"}\n         .md:font-sans{font-family:\"Inter var\",system-ui,-apple-system,BlinkMacSystemFont,\"Segoe UI\",Roboto,\"Helvetica Neue\",Arial,\"Noto Sans\",sans-serif,\"Apple Color Emoji\",\"Segoe UI Emoji\",\"Segoe UI Symbol\",\"Noto Color Emoji\"}\n         .lg:font-sans{font-family:\"Inter var\",system-ui,-apple-system,BlinkMacSystemFont,\"Segoe UI\",Roboto,\"Helvetica Neue\",Arial,\"Noto Sans\",sans-serif,\"Apple Color Emoji\",\"Segoe UI Emoji\",\"Segoe UI Symbol\",\"Noto Color Emoji\"}\n         .xl:font-sans{font-family:\"Inter var\",system-ui,-apple-system,BlinkMacSystemFont,\"Segoe UI\",Roboto,\"Helvetica Neue\",Arial,\"Noto Sans\",sans-serif,\"Apple Color Emoji\",\"Segoe UI Emoji\",\"Segoe UI Symbol\",\"Noto Color Emoji\"}\n      </style>\n   </head>\n   <body class=\"\">\n      {!-- Let\'s begin our layout --}\n      {top-nav}\n      {!-- THIS IS WHERE THE CONTENT WILL GO --}\n      {layout:contents}\n      {!-- THIS IS WHERE THE CONTENT ENDS --}\n      {footer}\n   </body>\n</html>', NULL, 1605728880, 1, 'n', 0, '', 'n', 'n', 'o', 0, 'n'),
	(5, 1, 3, 'index', 'webpage', '', NULL, 1605747791, 1, 'n', 0, '', 'n', 'n', 'o', 0, 'n'),
	(6, 1, 4, 'blog-card', 'webpage', '<div class=\"flex flex-col rounded-lg shadow-lg overflow-hidden\">\n   <div class=\"flex-shrink-0\">\n      {featured_image}\n         <img class=\"h-48 w-full object-cover\" src=\"{url}\" alt=\"{title}\" />\n      {/featured_image}\n   </div>\n   <div class=\"flex-1 bg-white p-6 flex flex-col justify-between\">\n      <div class=\"flex-1\">\n         {!-- Categories --}\n         <p class=\"text-sm leading-5 font-medium text-indigo-600\">\n            {if has_categories}\n               {categories backspace=\"2\"}<a class=\"hover:underline\" href=\"/blog/entry/{url_title}\">{category_name}</a>, {/categories}\n            {/if}\n         </p>\n         {!-- End categories --}\n         <a class=\"block\" href=\"/blog/entry/{url_title}\">\n            <h3 class=\"mt-2 text-xl leading-7 font-semibold text-gray-900\">\n               {title}\n            </h3>\n            {!-- <p class=\"mt-3 text-base leading-6 text-gray-500\">Lorem ipsum dolor sit amet consectetur adipisicing elit. Architecto accusantium praesentium eius, ut atque fuga culpa, similique sequi cum eos quis dolorum.</p> --}\n            <p class=\"mt-3 text-base leading-6 text-gray-500\">{blog_content:attr_safe limit=\"150\"}</p>\n         </a>\n      </div>\n      <div class=\"mt-6 flex items-center\">\n         <div class=\"flex-shrink-0\">\n            <a href=\"#\"><img class=\"h-10 w-10 rounded-full\" src=\"https://images.unsplash.com/photo-1472099645785-5658abf4ff4e?ixlib=rb-1.2.1&amp;ixid=eyJhcHBfaWQiOjEyMDd9&amp;auto=format&amp;fit=facearea&amp;facepad=2&amp;w=256&amp;h=256&amp;q=80\" alt=\"\"></a></div>\n         <div class=\"ml-3\">\n            <p class=\"text-sm leading-5 font-medium text-gray-900\"><a class=\"hover:underline\" href=\"#\">{author}</a></p>\n            <div class=\"flex text-sm leading-5 text-gray-500\">\n               <time datetime=\"{entry_date format=\'%Y-%m-%d\'}\">{entry_date format=\"%M %d, %Y\"}</time>\n               <span class=\"mx-1\">&middot;</span>\n               <span>6 min read</span>\n            </div>\n         </div>\n      </div>\n   </div>\n</div>', NULL, 1606070005, 1, 'n', 0, '', 'n', 'n', 'o', 0, 'n');

INSERT INTO `exp_templates_roles` (`role_id`, `template_id`) VALUES 
	(1, 1),
	(2, 1),
	(3, 1),
	(4, 1),
	(5, 1),
	(1, 2),
	(2, 2),
	(3, 2),
	(4, 2),
	(5, 2),
	(1, 3),
	(2, 3),
	(3, 3),
	(4, 3),
	(5, 3),
	(1, 4),
	(2, 4),
	(3, 4),
	(4, 4),
	(5, 4),
	(1, 5),
	(2, 5),
	(3, 5),
	(4, 5),
	(5, 5),
	(1, 6),
	(2, 6),
	(3, 6),
	(4, 6),
	(5, 6);

INSERT INTO `exp_update_log` (`log_id`, `timestamp`, `message`, `method`, `line`, `file`) VALUES 
	(1, 1604839755, 'Smartforge::add_key failed. Table \'exp_comments\' does not exist.', 'Smartforge::add_key', 106, '/home/doug/sites/learn-ee/system/ee/ExpressionEngine/Addons/comment/upd.comment.php');

INSERT INTO `exp_upload_prefs` (`id`, `site_id`, `name`, `server_path`, `url`, `allowed_types`, `default_modal_view`, `max_size`, `max_height`, `max_width`, `properties`, `pre_format`, `post_format`, `file_properties`, `file_pre_format`, `file_post_format`, `cat_group`, `batch_location`, `module_id`) VALUES 
	(1, 1, 'Avatars', '{base_path}images/avatars/', '{base_url}images/avatars/', 'img', 'list', '50', '100', '100', NULL, NULL, NULL, NULL, NULL, NULL, NULL, NULL, 1),
	(2, 1, 'Member Photos', '/', '{base_url}images/member_photos/', 'img', 'list', '50', '100', '100', NULL, NULL, NULL, NULL, NULL, NULL, NULL, NULL, 1),
	(3, 1, 'Signature Attachments', '{base_path}images/signature_attachments/', '{base_url}images/signature_attachments/', 'img', 'list', '30', '80', '480', NULL, NULL, NULL, NULL, NULL, NULL, NULL, NULL, 1),
	(4, 1, 'PM Attachments', '{base_path}images/pm_attachments/', '{base_url}images/pm_attachments/', 'img', 'list', '250', NULL, NULL, NULL, NULL, NULL, NULL, NULL, NULL, NULL, NULL, 1),
	(5, 1, 'Blog Images', '{base_path}/public/images/', '{base_url}/images/', 'img', 'list', '', '', '', NULL, NULL, NULL, NULL, NULL, NULL, '', NULL, 0);

INSERT INTO `exp_upload_prefs_roles` (`role_id`, `upload_id`) VALUES 
	(5, 5);

SET SQL_MODE=@OLD_SQL_MODE;
SET TIME_ZONE=@OLD_TIME_ZONE;
SET UNIQUE_CHECKS=@OLD_UNIQUE_CHECKS;
SET FOREIGN_KEY_CHECKS=@OLD_FOREIGN_KEY_CHECKS;
SET SQL_NOTES=@OLD_SQL_NOTES;

--
-- Database backup completed by ExpressionEngine on 2020-11-22 01:43:56EST
--

